id,season,city,date,match_type,player_of_match,venue,team1,team2,toss_winner,toss_decision,winner,result,result_margin,target_runs,target_overs,super_over,method,umpire1,umpire2
335982,2007/08,Bangalore,2008-04-18,League,BB McCullum,M Chinnaswamy Stadium,RCB,KKR,RCB,field,KKR,runs,140.0,223.0,20.0,N,,Asad Rauf,RE Koertzen
335983,2007/08,Chandigarh,2008-04-19,League,MEK Hussey,"Punjab Cricket Association Stadium, Mohali",PBKS,CSK,CSK,bat,CSK,runs,33.0,241.0,20.0,N,,MR Benson,SL Shastri
335984,2007/08,Delhi,2008-04-19,League,MF Maharoof,Feroz Shah Kotla,DC,RR,RR,bat,DC,wickets,9.0,130.0,20.0,N,,Aleem Dar,GA Pratapkumar
335985,2007/08,Mumbai,2008-04-20,League,MV Boucher,Wankhede Stadium,MI,RCB,MI,bat,RCB,wickets,5.0,166.0,20.0,N,,SJ Davis,DJ Harper
335987,2007/08,Jaipur,2008-04-21,League,SR Watson,Sawai Mansingh Stadium,RR,PBKS,PBKS,bat,RR,wickets,6.0,167.0,20.0,N,,Aleem Dar,RB Tiffin
335989,2007/08,Chennai,2008-04-23,League,ML Hayden,"MA Chidambaram Stadium, Chepauk",CSK,MI,MI,field,CSK,runs,6.0,209.0,20.0,N,,DJ Harper,GA Pratapkumar
335991,2007/08,Chandigarh,2008-04-25,League,KC Sangakkara,"Punjab Cricket Association Stadium, Mohali",PBKS,MI,MI,field,PBKS,runs,66.0,183.0,20.0,N,,Aleem Dar,AM Saheba
335992,2007/08,Bangalore,2008-04-26,League,SR Watson,M Chinnaswamy Stadium,RCB,RR,RR,field,RR,wickets,7.0,136.0,20.0,N,,MR Benson,IL Howell
335993,2007/08,Chennai,2008-04-26,League,JDP Oram,"MA Chidambaram Stadium, Chepauk",CSK,KKR,KKR,bat,CSK,wickets,9.0,148.0,20.0,N,,BF Bowden,AV Jayaprakash
335995,2007/08,Chandigarh,2008-04-27,League,SM Katich,"Punjab Cricket Association Stadium, Mohali",PBKS,DC,DC,bat,PBKS,wickets,4.0,159.0,20.0,N,,RE Koertzen,I Shivram
335996,2007/08,Bangalore,2008-04-28,League,MS Dhoni,M Chinnaswamy Stadium,RCB,CSK,CSK,bat,CSK,runs,13.0,179.0,20.0,N,,BR Doctrove,RB Tiffin
335997,2007/08,Kolkata,2008-04-29,League,ST Jayasuriya,Eden Gardens,KKR,MI,KKR,bat,MI,wickets,7.0,138.0,20.0,N,,BF Bowden,AV Jayaprakash
335998,2007/08,Delhi,2008-04-30,League,GD McGrath,Feroz Shah Kotla,DC,RCB,RCB,field,DC,runs,10.0,192.0,20.0,N,,Aleem Dar,I Shivram
336000,2007/08,Jaipur,2008-05-01,League,SA Asnodkar,Sawai Mansingh Stadium,RR,KKR,RR,bat,RR,runs,45.0,197.0,20.0,N,,RE Koertzen,GA Pratapkumar
336001,2007/08,Chennai,2008-05-02,League,V Sehwag,"MA Chidambaram Stadium, Chepauk",CSK,DC,CSK,bat,DC,wickets,8.0,170.0,20.0,N,,BF Bowden,K Hariharan
336003,2007/08,Chandigarh,2008-05-03,League,IK Pathan,"Punjab Cricket Association Stadium, Mohali",PBKS,KKR,PBKS,bat,PBKS,runs,9.0,179.0,20.0,N,,DJ Harper,I Shivram
336004,2007/08,Mumbai,2008-05-04,League,SM Pollock,Dr DY Patil Sports Academy,MI,DC,DC,field,MI,runs,29.0,163.0,20.0,N,,IL Howell,RE Koertzen
336005,2007/08,Jaipur,2008-05-04,League,Sohail Tanvir,Sawai Mansingh Stadium,RR,CSK,CSK,bat,RR,wickets,8.0,110.0,20.0,N,,Asad Rauf,AV Jayaprakash
336006,2007/08,Bangalore,2008-05-05,League,S Sreesanth,M Chinnaswamy Stadium,RCB,PBKS,PBKS,field,PBKS,wickets,6.0,127.0,20.0,N,,SJ Davis,BR Doctrove
336008,2007/08,Mumbai,2008-05-07,League,A Nehra,Dr DY Patil Sports Academy,MI,RR,MI,field,MI,wickets,7.0,104.0,20.0,N,,DJ Harper,RE Koertzen
336009,2007/08,Delhi,2008-05-08,League,MS Dhoni,Feroz Shah Kotla,DC,CSK,CSK,field,CSK,wickets,4.0,188.0,20.0,N,,Aleem Dar,RB Tiffin
336010,2007/08,Kolkata,2008-05-08,League,SC Ganguly,Eden Gardens,KKR,RCB,KKR,bat,KKR,runs,5.0,130.0,16.0,N,,Asad Rauf,IL Howell
336013,2007/08,Chennai,2008-05-10,League,L Balaji,"MA Chidambaram Stadium, Chepauk",CSK,PBKS,PBKS,field,CSK,runs,18.0,182.0,20.0,N,,AV Jayaprakash,BG Jerling
336015,2007/08,Jaipur,2008-05-11,League,SR Watson,Sawai Mansingh Stadium,RR,DC,RR,field,RR,wickets,3.0,157.0,20.0,N,,SJ Davis,RE Koertzen
336016,2007/08,Chandigarh,2008-05-12,League,SE Marsh,"Punjab Cricket Association Stadium, Mohali",PBKS,RCB,RCB,bat,PBKS,wickets,9.0,144.0,20.0,N,,BR Doctrove,I Shivram
336017,2007/08,Kolkata,2008-05-13,League,Shoaib Akhtar,Eden Gardens,KKR,DC,KKR,bat,KKR,runs,23.0,134.0,20.0,N,,Asad Rauf,IL Howell
336018,2007/08,Mumbai,2008-05-14,League,ST Jayasuriya,Wankhede Stadium,MI,CSK,MI,field,MI,wickets,9.0,157.0,20.0,N,,BR Doctrove,AM Saheba
336021,2007/08,Mumbai,2008-05-16,League,SM Pollock,Wankhede Stadium,MI,KKR,MI,field,MI,wickets,8.0,68.0,20.0,N,,BR Doctrove,DJ Harper
336022,2007/08,Delhi,2008-05-17,League,DPMD Jayawardene,Feroz Shah Kotla,DC,PBKS,DC,bat,PBKS,runs,6.0,89.0,8.0,N,D/L,AV Jayaprakash,RE Koertzen
336023,2007/08,Jaipur,2008-05-17,League,GC Smith,Sawai Mansingh Stadium,RR,RCB,RCB,field,RR,runs,65.0,198.0,20.0,N,,BF Bowden,SL Shastri
336025,2007/08,Kolkata,2008-05-18,League,M Ntini,Eden Gardens,KKR,CSK,KKR,bat,CSK,runs,3.0,53.0,8.0,N,D/L,Asad Rauf,K Hariharan
336026,2007/08,Bangalore,2008-05-19,League,SP Goswami,M Chinnaswamy Stadium,RCB,DC,DC,field,DC,wickets,5.0,155.0,20.0,N,,SJ Davis,GA Pratapkumar
336027,2007/08,Kolkata,2008-05-20,League,YK Pathan,Eden Gardens,KKR,RR,RR,field,RR,wickets,6.0,148.0,20.0,N,,BG Jerling,RE Koertzen
336028,2007/08,Mumbai,2008-05-21,League,SE Marsh,Wankhede Stadium,MI,PBKS,MI,field,PBKS,runs,1.0,190.0,20.0,N,,BF Bowden,GA Pratapkumar
336029,2007/08,Chennai,2008-05-21,League,A Kumble,"MA Chidambaram Stadium, Chepauk",CSK,RCB,RCB,bat,RCB,runs,14.0,127.0,20.0,N,,DJ Harper,I Shivram
336032,2007/08,Delhi,2008-05-24,League,KD Karthik,Feroz Shah Kotla,DC,MI,DC,field,DC,wickets,5.0,177.0,20.0,N,,BF Bowden,K Hariharan
336033,2007/08,Chennai,2008-05-24,League,JA Morkel,"MA Chidambaram Stadium, Chepauk",CSK,RR,RR,bat,RR,runs,10.0,212.0,20.0,N,,DJ Harper,SL Shastri
336035,2007/08,Kolkata,2008-05-25,League,Umar Gul,Eden Gardens,KKR,PBKS,PBKS,bat,KKR,wickets,3.0,175.0,20.0,N,,SJ Davis,I Shivram
336036,2007/08,Jaipur,2008-05-26,League,Sohail Tanvir,Sawai Mansingh Stadium,RR,MI,RR,field,RR,wickets,5.0,146.0,20.0,N,,BF Bowden,K Hariharan
336012,2007/08,Bangalore,2008-05-28,League,CRD Fernando,M Chinnaswamy Stadium,RCB,MI,MI,field,MI,wickets,9.0,123.0,18.0,N,,BF Bowden,AV Jayaprakash
336019,2007/08,Chandigarh,2008-05-28,League,SE Marsh,"Punjab Cricket Association Stadium, Mohali",PBKS,RR,RR,field,PBKS,runs,41.0,222.0,20.0,N,,SJ Davis,K Hariharan
336038,2007/08,Mumbai,2008-05-30,Semi Final,SR Watson,Wankhede Stadium,DC,RR,DC,field,RR,runs,105.0,193.0,20.0,N,,BF Bowden,RE Koertzen
336039,2007/08,Mumbai,2008-05-31,Semi Final,M Ntini,Wankhede Stadium,CSK,PBKS,PBKS,bat,CSK,wickets,9.0,113.0,20.0,N,,Asad Rauf,DJ Harper
336040,2007/08,Mumbai,2008-06-01,Final,YK Pathan,Dr DY Patil Sports Academy,CSK,RR,RR,field,RR,wickets,3.0,164.0,20.0,N,,BF Bowden,RE Koertzen
392181,2009,Cape Town,2009-04-18,League,SR Tendulkar,Newlands,CSK,MI,CSK,field,MI,runs,19.0,166.0,20.0,N,,BR Doctrove,K Hariharan
392182,2009,Cape Town,2009-04-18,League,R Dravid,Newlands,RCB,RR,RCB,bat,RCB,runs,75.0,134.0,20.0,N,,BR Doctrove,RB Tiffin
392183,2009,Cape Town,2009-04-19,League,DL Vettori,Newlands,DC,PBKS,DC,field,DC,wickets,10.0,54.0,6.0,N,D/L,MR Benson,SD Ranade
392185,2009,Port Elizabeth,2009-04-20,League,M Muralitharan,St George's Park,RCB,CSK,CSK,bat,CSK,runs,92.0,180.0,20.0,N,,BG Jerling,SJA Taufel
392186,2009,Durban,2009-04-21,League,CH Gayle,Kingsmead,PBKS,KKR,KKR,field,KKR,runs,11.0,69.0,9.2,N,D/L,DJ Harper,SD Ranade
392189,2009,Durban,2009-04-23,League,AB de Villiers,Kingsmead,CSK,DC,DC,bat,DC,runs,9.0,190.0,20.0,N,,BR Doctrove,SJA Taufel
392190,2009,Cape Town,2009-04-23,League,YK Pathan,Newlands,KKR,RR,KKR,field,RR,tie,,151.0,20.0,Y,,MR Benson,M Erasmus
392191,2009,Durban,2009-04-24,League,RS Bopara,Kingsmead,RCB,PBKS,RCB,bat,PBKS,wickets,7.0,169.0,20.0,N,,BR Doctrove,TH Wijewardene
392194,2009,Port Elizabeth,2009-04-26,League,TM Dilshan,St George's Park,RCB,DC,RCB,bat,DC,wickets,6.0,150.0,20.0,N,,S Asnani,BG Jerling
392195,2009,Cape Town,2009-04-26,League,KC Sangakkara,Newlands,PBKS,RR,PBKS,bat,PBKS,runs,27.0,140.0,20.0,N,,M Erasmus,K Hariharan
392197,2009,Port Elizabeth,2009-04-27,League,SR Tendulkar,St George's Park,KKR,MI,MI,bat,MI,runs,92.0,188.0,20.0,N,,BG Jerling,RB Tiffin
392198,2009,Centurion,2009-04-28,League,YK Pathan,SuperSport Park,DC,RR,DC,bat,RR,wickets,5.0,144.0,20.0,N,,GAV Baxter,RE Koertzen
392199,2009,Durban,2009-04-29,League,MV Boucher,Kingsmead,RCB,KKR,KKR,bat,RCB,wickets,5.0,140.0,20.0,N,,MR Benson,TH Wijewardene
392200,2009,Durban,2009-04-29,League,KC Sangakkara,Kingsmead,PBKS,MI,PBKS,bat,PBKS,runs,3.0,120.0,20.0,N,,MR Benson,SL Shastri
392202,2009,Centurion,2009-04-30,League,SK Raina,SuperSport Park,CSK,RR,RR,field,CSK,runs,38.0,165.0,20.0,N,,GAV Baxter,RE Koertzen
392203,2009,East London,2009-05-01,League,JP Duminy,Buffalo Park,KKR,MI,MI,bat,MI,runs,9.0,149.0,20.0,N,,M Erasmus,SK Tarapore
392204,2009,Durban,2009-05-01,League,Yuvraj Singh,Kingsmead,RCB,PBKS,RCB,bat,RCB,runs,8.0,146.0,20.0,N,,HDPK Dharmasena,S Ravi
392206,2009,Johannesburg,2009-05-02,League,SB Jakati,New Wanderers Stadium,CSK,DC,DC,field,CSK,runs,18.0,164.0,20.0,N,,DJ Harper,RE Koertzen
392207,2009,Port Elizabeth,2009-05-03,League,DPMD Jayawardene,St George's Park,PBKS,KKR,KKR,bat,PBKS,wickets,6.0,154.0,20.0,N,,S Asnani,MR Benson
392208,2009,Johannesburg,2009-05-03,League,JH Kallis,New Wanderers Stadium,RCB,MI,MI,bat,RCB,wickets,9.0,150.0,20.0,N,,RE Koertzen,TH Wijewardene
392210,2009,Durban,2009-05-05,League,GC Smith,Kingsmead,PBKS,RR,PBKS,field,RR,runs,78.0,212.0,20.0,N,,SS Hazare,IL Howell
392211,2009,Durban,2009-05-05,League,G Gambhir,Kingsmead,DC,KKR,KKR,bat,DC,wickets,9.0,155.0,20.0,N,,GAV Baxter,IL Howell
392213,2009,Centurion,2009-05-07,League,A Singh,SuperSport Park,RCB,RR,RR,field,RR,wickets,7.0,106.0,20.0,N,,K Hariharan,DJ Harper
392214,2009,Centurion,2009-05-07,League,ML Hayden,SuperSport Park,CSK,PBKS,CSK,bat,CSK,runs,12.0,187.0,18.0,N,D/L,DJ Harper,TH Wijewardene
392215,2009,East London,2009-05-08,League,A Nehra,Buffalo Park,DC,MI,MI,bat,DC,wickets,7.0,117.0,20.0,N,,M Erasmus,SK Tarapore
392217,2009,Kimberley,2009-05-09,League,S Badrinath,De Beers Diamond Oval,CSK,RR,RR,bat,CSK,wickets,7.0,141.0,20.0,N,,GAV Baxter,HDPK Dharmasena
392218,2009,Port Elizabeth,2009-05-10,League,JP Duminy,St George's Park,RCB,MI,MI,bat,MI,runs,16.0,158.0,20.0,N,,BR Doctrove,BG Jerling
392219,2009,Johannesburg,2009-05-10,League,A Mishra,New Wanderers Stadium,DC,KKR,DC,field,DC,wickets,7.0,124.0,20.0,N,,SL Shastri,RB Tiffin
392221,2009,Centurion,2009-05-12,League,LRPL Taylor,SuperSport Park,RCB,KKR,RCB,field,RCB,wickets,6.0,174.0,20.0,N,,M Erasmus,SS Hazare
392222,2009,Centurion,2009-05-12,League,Harbhajan Singh,SuperSport Park,PBKS,MI,PBKS,bat,MI,wickets,8.0,120.0,20.0,N,,SS Hazare,RE Koertzen
392224,2009,Durban,2009-05-14,League,LRPL Taylor,Kingsmead,RCB,CSK,CSK,bat,RCB,wickets,2.0,130.0,20.0,N,,BR Doctrove,DJ Harper
392225,2009,Durban,2009-05-14,League,SK Warne,Kingsmead,MI,RR,RR,bat,RR,runs,2.0,146.0,20.0,N,,BR Doctrove,DJ Harper
392226,2009,Bloemfontein,2009-05-15,League,B Lee,OUTsurance Oval,DC,PBKS,PBKS,field,PBKS,wickets,6.0,121.0,20.0,N,,HDPK Dharmasena,IL Howell
392227,2009,Port Elizabeth,2009-05-16,League,ML Hayden,St George's Park,CSK,MI,MI,bat,CSK,wickets,7.0,148.0,20.0,N,,SK Tarapore,SJA Taufel
392230,2009,Bloemfontein,2009-05-17,League,AB de Villiers,OUTsurance Oval,DC,RR,DC,bat,DC,runs,14.0,151.0,20.0,N,,SS Hazare,IL Howell
392231,2009,Centurion,2009-05-18,League,BJ Hodge,SuperSport Park,CSK,KKR,CSK,bat,KKR,wickets,7.0,189.0,20.0,N,,SJA Taufel,RB Tiffin
392232,2009,Johannesburg,2009-05-19,League,JH Kallis,New Wanderers Stadium,RCB,DC,DC,bat,RCB,wickets,7.0,135.0,20.0,N,,IL Howell,RB Tiffin
392233,2009,Durban,2009-05-20,League,LR Shukla,Kingsmead,KKR,RR,KKR,field,KKR,wickets,4.0,102.0,20.0,N,,BG Jerling,SJA Taufel
392234,2009,Durban,2009-05-20,League,M Muralitharan,Kingsmead,CSK,PBKS,CSK,bat,CSK,runs,24.0,117.0,20.0,N,,BG Jerling,SJA Taufel
392235,2009,Centurion,2009-05-21,League,V Sehwag,SuperSport Park,DC,MI,DC,field,DC,wickets,4.0,166.0,20.0,N,,IL Howell,S Ravi
392238,2009,Johannesburg,2009-05-23,Semi Final,MK Pandey,New Wanderers Stadium,RCB,CSK,RCB,field,RCB,wickets,6.0,147.0,20.0,N,,RE Koertzen,SJA Taufel
419107,2009/10,Mumbai,2010-03-13,League,YK Pathan,Brabourne Stadium,MI,RR,MI,bat,MI,runs,4.0,213.0,20.0,N,,RE Koertzen,RB Tiffin
419108,2009/10,Chandigarh,2010-03-13,League,G Gambhir,"Punjab Cricket Association Stadium, Mohali",PBKS,DC,DC,field,DC,wickets,5.0,143.0,20.0,N,,BR Doctrove,S Ravi
419109,2009/10,Kolkata,2010-03-14,League,MK Tiwary,Eden Gardens,KKR,RCB,KKR,field,KKR,wickets,7.0,136.0,20.0,N,,HDPK Dharmasena,AM Saheba
419111,2009/10,Ahmedabad,2010-03-15,League,V Sehwag,"Sardar Patel Stadium, Motera",RR,DC,DC,field,DC,wickets,6.0,142.0,20.0,N,,BG Jerling,RE Koertzen
419112,2009/10,Bangalore,2010-03-16,League,JH Kallis,M Chinnaswamy Stadium,RCB,PBKS,PBKS,bat,RCB,wickets,8.0,204.0,20.0,N,,S Das,DJ Harper
419113,2009/10,Kolkata,2010-03-16,League,MS Dhoni,Eden Gardens,KKR,CSK,CSK,bat,CSK,runs,55.0,165.0,20.0,N,,HDPK Dharmasena,AM Saheba
419114,2009/10,Delhi,2010-03-17,League,SR Tendulkar,Feroz Shah Kotla,DC,MI,DC,field,MI,runs,98.0,219.0,20.0,N,,BR Doctrove,SK Tarapore
419115,2009/10,Bangalore,2010-03-18,League,JH Kallis,M Chinnaswamy Stadium,RCB,RR,RCB,field,RCB,wickets,10.0,93.0,20.0,N,,K Hariharan,DJ Harper
419116,2009/10,Delhi,2010-03-19,League,ML Hayden,Feroz Shah Kotla,DC,CSK,DC,bat,CSK,wickets,5.0,186.0,20.0,N,,BR Doctrove,SK Tarapore
419118,2009/10,Ahmedabad,2010-03-20,League,AA Jhunjhunwala,"Sardar Patel Stadium, Motera",RR,KKR,RR,bat,RR,runs,34.0,169.0,20.0,N,,RE Koertzen,RB Tiffin
419119,2009/10,Mumbai,2010-03-20,League,JH Kallis,Brabourne Stadium,MI,RCB,MI,bat,RCB,wickets,7.0,152.0,20.0,N,,HDPK Dharmasena,SS Hazare
419121,2009/10,Chennai,2010-03-21,League,J Theron,"MA Chidambaram Stadium, Chepauk",CSK,PBKS,CSK,field,PBKS,tie,,137.0,20.0,Y,,K Hariharan,DJ Harper
419122,2009/10,Mumbai,2010-03-22,League,SR Tendulkar,Brabourne Stadium,MI,KKR,KKR,bat,MI,wickets,7.0,156.0,20.0,N,,SS Hazare,SJA Taufel
419123,2009/10,Bangalore,2010-03-23,League,RV Uthappa,M Chinnaswamy Stadium,RCB,CSK,CSK,field,RCB,runs,36.0,172.0,20.0,N,,RE Koertzen,RB Tiffin
419124,2009/10,Chandigarh,2010-03-24,League,AC Voges,"Punjab Cricket Association Stadium, Mohali",PBKS,RR,PBKS,field,RR,runs,31.0,184.0,20.0,N,,BR Doctrove,SK Tarapore
419125,2009/10,Mumbai,2010-03-25,League,SR Tendulkar,"Brabourne Stadium, Mumbai",CSK,MI,MI,field,MI,wickets,5.0,181.0,20.0,N,,AM Saheba,BF Bowden
419128,2009/10,Bangalore,2010-03-25,League,KM Jadhav,M Chinnaswamy Stadium,RCB,DC,RCB,field,DC,runs,17.0,184.0,20.0,N,,BG Jerling,RE Koertzen
419127,2009/10,Chandigarh,2010-03-27,League,MK Tiwary,"Punjab Cricket Association Stadium, Mohali",PBKS,KKR,KKR,bat,KKR,runs,39.0,184.0,20.0,N,,BR Doctrove,S Ravi
419129,2009/10,Ahmedabad,2010-03-28,League,NV Ojha,"Sardar Patel Stadium, Motera",RR,CSK,RR,bat,RR,runs,17.0,178.0,20.0,N,,SS Hazare,SJA Taufel
419131,2009/10,Delhi,2010-03-29,League,DA Warner,Feroz Shah Kotla,DC,KKR,DC,bat,DC,runs,40.0,178.0,20.0,N,,SS Hazare,SJA Taufel
419132,2009/10,Mumbai,2010-03-30,League,SL Malinga,Brabourne Stadium,MI,PBKS,MI,field,MI,wickets,4.0,164.0,20.0,N,,BR Doctrove,SK Tarapore
419133,2009/10,Chennai,2010-03-31,League,M Vijay,"MA Chidambaram Stadium, Chepauk",CSK,RCB,RCB,bat,CSK,wickets,5.0,162.0,20.0,N,,BG Jerling,RE Koertzen
419134,2009/10,Delhi,2010-03-31,League,KD Karthik,Feroz Shah Kotla,DC,RR,DC,bat,DC,runs,67.0,189.0,20.0,N,,HDPK Dharmasena,SJA Taufel
419136,2009/10,Chandigarh,2010-04-02,League,KP Pietersen,"Punjab Cricket Association Stadium, Mohali",PBKS,RCB,PBKS,bat,RCB,wickets,6.0,182.0,20.0,N,,BF Bowden,M Erasmus
419137,2009/10,Chennai,2010-04-03,League,M Vijay,"MA Chidambaram Stadium, Chepauk",CSK,RR,CSK,bat,CSK,runs,23.0,247.0,20.0,N,,RE Koertzen,RB Tiffin
419139,2009/10,Kolkata,2010-04-04,League,DPMD Jayawardene,Eden Gardens,KKR,PBKS,KKR,bat,PBKS,wickets,8.0,201.0,20.0,N,,S Asnani,DJ Harper
419140,2009/10,Delhi,2010-04-04,League,PD Collingwood,Feroz Shah Kotla,DC,RCB,DC,bat,DC,runs,37.0,185.0,20.0,N,,BF Bowden,M Erasmus
419142,2009/10,Chennai,2010-04-06,League,SK Raina,"MA Chidambaram Stadium, Chepauk",CSK,MI,CSK,bat,CSK,runs,24.0,166.0,20.0,N,,S Asnani,DJ Harper
419143,2009/10,Jaipur,2010-04-07,League,MJ Lumb,Sawai Mansingh Stadium,RR,PBKS,PBKS,bat,RR,wickets,9.0,154.0,20.0,N,,S Ravi,SK Tarapore
419144,2009/10,Kolkata,2010-04-07,League,SC Ganguly,Eden Gardens,KKR,DC,KKR,bat,KKR,runs,14.0,182.0,20.0,N,,BG Jerling,RE Koertzen
419146,2009/10,Chandigarh,2010-04-09,League,KC Sangakkara,"Punjab Cricket Association Stadium, Mohali",PBKS,MI,MI,bat,PBKS,wickets,6.0,155.0,20.0,N,,M Erasmus,AM Saheba
419148,2009/10,Bangalore,2010-04-10,League,R Vinay Kumar,M Chinnaswamy Stadium,RCB,KKR,RCB,field,RCB,wickets,7.0,161.0,20.0,N,,K Hariharan,DJ Harper
419149,2009/10,Delhi,2010-04-11,League,PP Chawla,Feroz Shah Kotla,DC,PBKS,DC,bat,PBKS,wickets,7.0,112.0,20.0,N,,BF Bowden,AM Saheba
419150,2009/10,Jaipur,2010-04-11,League,SR Tendulkar,Sawai Mansingh Stadium,RR,MI,RR,field,MI,runs,37.0,175.0,20.0,N,,BR Doctrove,SK Tarapore
419152,2009/10,Mumbai,2010-04-13,League,KA Pollard,Brabourne Stadium,MI,DC,MI,bat,MI,runs,39.0,184.0,20.0,N,,S Asnani,DJ Harper
419153,2009/10,Chennai,2010-04-13,League,R Ashwin,"MA Chidambaram Stadium, Chepauk",CSK,KKR,KKR,bat,CSK,wickets,9.0,140.0,20.0,N,,SS Hazare,SJA Taufel
419154,2009/10,Jaipur,2010-04-14,League,KP Pietersen,Sawai Mansingh Stadium,RR,RCB,RR,bat,RCB,wickets,5.0,131.0,20.0,N,,BR Doctrove,S Ravi
419155,2009/10,Chennai,2010-04-15,League,G Gambhir,"MA Chidambaram Stadium, Chepauk",CSK,DC,CSK,bat,DC,wickets,6.0,113.0,20.0,N,,HDPK Dharmasena,SS Hazare
419157,2009/10,Bangalore,2010-04-17,League,R McLaren,M Chinnaswamy Stadium,RCB,MI,RCB,field,MI,runs,57.0,192.0,20.0,N,,HDPK Dharmasena,SJA Taufel
419158,2009/10,Kolkata,2010-04-17,League,JD Unadkat,Eden Gardens,KKR,RR,RR,bat,KKR,wickets,8.0,133.0,20.0,N,,BG Jerling,RB Tiffin
419159,2009/10,Dharamsala,2010-04-18,League,MS Dhoni,Himachal Pradesh Cricket Association Stadium,PBKS,CSK,CSK,field,CSK,wickets,6.0,193.0,20.0,N,,BF Bowden,AM Saheba
419161,2009/10,Kolkata,2010-04-19,League,M Kartik,Eden Gardens,KKR,MI,MI,bat,KKR,wickets,9.0,134.0,20.0,N,,BG Jerling,RE Koertzen
419162,2009/10,Mumbai,2010-04-21,Semi Final,KA Pollard,Dr DY Patil Sports Academy,RCB,MI,MI,bat,MI,runs,35.0,185.0,20.0,N,,BR Doctrove,RB Tiffin
419165,2009/10,Mumbai,2010-04-25,Final,SK Raina,Dr DY Patil Sports Academy,CSK,MI,CSK,bat,CSK,runs,22.0,169.0,20.0,N,,RE Koertzen,SJA Taufel
501198,2011,Chennai,2011-04-08,League,S Anirudha,"MA Chidambaram Stadium, Chepauk",CSK,KKR,CSK,bat,CSK,runs,2.0,154.0,20.0,N,,BR Doctrove,PR Reiffel
501201,2011,Delhi,2011-04-10,League,SL Malinga,Feroz Shah Kotla,DC,MI,DC,bat,MI,wickets,8.0,96.0,20.0,N,,AM Saheba,RB Tiffin
501204,2011,Jaipur,2011-04-12,League,SK Warne,Sawai Mansingh Stadium,RR,DC,DC,bat,RR,wickets,6.0,152.0,20.0,N,,Aleem Dar,RB Tiffin
501205,2011,Bangalore,2011-04-12,League,SR Tendulkar,M Chinnaswamy Stadium,RCB,MI,MI,field,MI,wickets,9.0,141.0,20.0,N,,HDPK Dharmasena,AL Hill
501206,2011,Chandigarh,2011-04-13,League,PC Valthaty,"Punjab Cricket Association Stadium, Mohali",PBKS,CSK,PBKS,field,PBKS,wickets,6.0,189.0,20.0,N,,Asad Rauf,SL Shastri
501209,2011,Jaipur,2011-04-15,League,G Gambhir,Sawai Mansingh Stadium,RR,KKR,KKR,field,KKR,wickets,9.0,160.0,20.0,N,,Aleem Dar,SS Hazare
501211,2011,Chennai,2011-04-16,League,MEK Hussey,"MA Chidambaram Stadium, Chepauk",CSK,RCB,CSK,bat,CSK,runs,21.0,184.0,20.0,N,,HDPK Dharmasena,AL Hill
501214,2011,Kolkata,2011-04-17,League,L Balaji,Eden Gardens,KKR,RR,KKR,field,KKR,wickets,8.0,82.0,20.0,N,,Aleem Dar,RB Tiffin
501220,2011,Chandigarh,2011-04-21,League,SE Marsh,"Punjab Cricket Association Stadium, Mohali",PBKS,RR,RR,field,PBKS,runs,48.0,196.0,20.0,N,,S Asnani,PR Reiffel
501221,2011,Mumbai,2011-04-22,League,Harbhajan Singh,Wankhede Stadium,MI,CSK,CSK,field,MI,runs,8.0,165.0,20.0,N,,Asad Rauf,AM Saheba
501222,2011,Kolkata,2011-04-22,League,CH Gayle,Eden Gardens,KKR,RCB,RCB,field,RCB,wickets,9.0,172.0,20.0,N,,SS Hazare,RB Tiffin
501223,2011,Delhi,2011-04-23,League,DA Warner,Feroz Shah Kotla,DC,PBKS,PBKS,field,DC,runs,29.0,232.0,20.0,N,,S Asnani,RE Koertzen
501227,2011,Delhi,2011-04-26,League,V Kohli,Feroz Shah Kotla,DC,RCB,RCB,field,RCB,wickets,3.0,161.0,20.0,N,,S Asnani,RJ Tucker
501230,2011,Delhi,2011-04-28,League,MK Tiwary,Feroz Shah Kotla,DC,KKR,DC,field,KKR,runs,17.0,149.0,20.0,N,,PR Reiffel,RJ Tucker
501231,2011,Jaipur,2011-04-29,League,J Botha,Sawai Mansingh Stadium,RR,MI,RR,field,RR,wickets,7.0,95.0,20.0,N,,Asad Rauf,SK Tarapore
501234,2011,Kolkata,2011-04-30,League,Iqbal Abdulla,Eden Gardens,KKR,PBKS,KKR,field,KKR,wickets,8.0,120.0,20.0,N,,AM Saheba,SL Shastri
501237,2011,Mumbai,2011-05-02,League,KA Pollard,Wankhede Stadium,MI,PBKS,PBKS,field,MI,runs,23.0,160.0,20.0,N,,HDPK Dharmasena,PR Reiffel
501240,2011,Chennai,2011-05-04,League,MEK Hussey,"MA Chidambaram Stadium, Chepauk",CSK,RR,RR,bat,CSK,wickets,8.0,148.0,20.0,N,,SS Hazare,RB Tiffin
501244,2011,Bangalore,2011-05-06,League,CH Gayle,M Chinnaswamy Stadium,RCB,PBKS,PBKS,field,RCB,runs,85.0,206.0,20.0,N,,Aleem Dar,RB Tiffin
501245,2011,Kolkata,2011-05-07,League,Iqbal Abdulla,Eden Gardens,KKR,CSK,CSK,bat,KKR,runs,10.0,52.0,10.0,N,D/L,Asad Rauf,PR Reiffel
501246,2011,Mumbai,2011-05-07,League,AT Rayudu,Wankhede Stadium,MI,DC,DC,field,MI,runs,32.0,179.0,20.0,N,,K Hariharan,SJA Taufel
501249,2011,Jaipur,2011-05-09,League,M Vijay,Sawai Mansingh Stadium,RR,CSK,RR,field,CSK,runs,63.0,197.0,20.0,N,,K Hariharan,SJA Taufel
501251,2011,Chandigarh,2011-05-10,League,BA Bhatt,"Punjab Cricket Association Stadium, Mohali",PBKS,MI,MI,field,PBKS,runs,76.0,164.0,20.0,N,,SK Tarapore,RJ Tucker
501252,2011,Jaipur,2011-05-11,League,S Aravind,Sawai Mansingh Stadium,RR,RCB,RCB,field,RCB,wickets,9.0,147.0,20.0,N,,HDPK Dharmasena,K Hariharan
501253,2011,Chennai,2011-05-12,League,MS Dhoni,"MA Chidambaram Stadium, Chepauk",CSK,DC,CSK,bat,CSK,runs,18.0,177.0,20.0,N,,AM Saheba,SL Shastri
501255,2011,Bangalore,2011-05-14,League,CH Gayle,M Chinnaswamy Stadium,RCB,KKR,RCB,field,RCB,wickets,4.0,102.0,13.0,N,D/L,RE Koertzen,RB Tiffin
501257,2011,Dharamsala,2011-05-15,League,PP Chawla,Himachal Pradesh Cricket Association Stadium,PBKS,DC,DC,field,PBKS,runs,29.0,171.0,20.0,N,,Asad Rauf,SL Shastri
501260,2011,Dharamsala,2011-05-17,League,AC Gilchrist,Himachal Pradesh Cricket Association Stadium,PBKS,RCB,PBKS,bat,PBKS,runs,111.0,233.0,20.0,N,,Asad Rauf,AM Saheba
501263,2011,Mumbai,2011-05-20,League,SR Watson,Wankhede Stadium,MI,RR,MI,bat,RR,wickets,10.0,134.0,20.0,N,,RE Koertzen,PR Reiffel
501266,2011,Bangalore,2011-05-22,League,CH Gayle,M Chinnaswamy Stadium,RCB,CSK,RCB,field,RCB,wickets,8.0,129.0,20.0,N,,K Hariharan,RE Koertzen
501267,2011,Kolkata,2011-05-22,League,JEC Franklin,Eden Gardens,KKR,MI,MI,field,MI,wickets,5.0,176.0,20.0,N,,SK Tarapore,SJA Taufel
501268,2011,Mumbai,2011-05-24,Qualifier 1,SK Raina,Wankhede Stadium,RCB,CSK,CSK,field,CSK,wickets,6.0,176.0,20.0,N,,Asad Rauf,SJA Taufel
501269,2011,Mumbai,2011-05-25,Elimination Final,MM Patel,Wankhede Stadium,MI,KKR,MI,field,MI,wickets,4.0,148.0,20.0,N,,Asad Rauf,SJA Taufel
501270,2011,Chennai,2011-05-27,Qualifier 2,CH Gayle,"MA Chidambaram Stadium, Chepauk",RCB,MI,MI,field,RCB,runs,43.0,186.0,20.0,N,,Asad Rauf,SJA Taufel
501271,2011,Chennai,2011-05-28,Final,M Vijay,"MA Chidambaram Stadium, Chepauk",CSK,RCB,CSK,bat,CSK,runs,58.0,206.0,20.0,N,,Asad Rauf,SJA Taufel
548306,2012,Chennai,2012-04-04,League,RE Levi,"MA Chidambaram Stadium, Chepauk",CSK,MI,MI,field,MI,wickets,8.0,113.0,20.0,N,,JD Cloete,SJA Taufel
548307,2012,Kolkata,2012-04-05,League,IK Pathan,Eden Gardens,KKR,DC,DC,field,DC,wickets,8.0,98.0,12.0,N,,S Asnani,HDPK Dharmasena
548309,2012,Jaipur,2012-04-06,League,AM Rahane,Sawai Mansingh Stadium,RR,PBKS,PBKS,field,RR,runs,31.0,192.0,20.0,N,,BF Bowden,SK Tarapore
548310,2012,Bangalore,2012-04-07,League,AB de Villiers,M Chinnaswamy Stadium,RCB,DC,DC,field,RCB,runs,20.0,158.0,20.0,N,,S Asnani,S Ravi
548312,2012,Jaipur,2012-04-08,League,BJ Hodge,Sawai Mansingh Stadium,RR,KKR,KKR,field,RR,runs,22.0,165.0,20.0,N,,BF Bowden,VA Kulkarni
548315,2012,Bangalore,2012-04-10,League,L Balaji,M Chinnaswamy Stadium,RCB,KKR,RCB,field,KKR,runs,42.0,166.0,20.0,N,,S Ravi,RJ Tucker
548316,2012,Delhi,2012-04-10,League,M Morkel,Feroz Shah Kotla,DC,CSK,DC,field,DC,wickets,8.0,111.0,20.0,N,,Asad Rauf,SK Tarapore
548317,2012,Mumbai,2012-04-11,League,KA Pollard,Wankhede Stadium,MI,RR,RR,field,MI,runs,27.0,198.0,20.0,N,,Aleem Dar,BNJ Oxenford
548318,2012,Chennai,2012-04-12,League,F du Plessis,"MA Chidambaram Stadium, Chepauk",CSK,RCB,RCB,bat,CSK,wickets,5.0,206.0,20.0,N,,HDPK Dharmasena,RJ Tucker
548320,2012,Kolkata,2012-04-13,League,Shakib Al Hasan,Eden Gardens,KKR,RR,RR,bat,KKR,wickets,5.0,132.0,20.0,N,,Asad Rauf,S Asnani
548323,2012,Kolkata,2012-04-15,League,SP Narine,Eden Gardens,KKR,PBKS,KKR,field,PBKS,runs,2.0,135.0,20.0,N,,Asad Rauf,S Asnani
548324,2012,Bangalore,2012-04-15,League,AM Rahane,M Chinnaswamy Stadium,RCB,RR,RR,bat,RR,runs,59.0,196.0,20.0,N,,JD Cloete,RJ Tucker
548325,2012,Mumbai,2012-04-16,League,S Nadeem,Wankhede Stadium,MI,DC,DC,field,DC,wickets,7.0,93.0,20.0,N,,BF Bowden,SK Tarapore
548328,2012,Chandigarh,2012-04-18,League,G Gambhir,"Punjab Cricket Association Stadium, Mohali",PBKS,KKR,PBKS,bat,KKR,wickets,8.0,125.0,20.0,N,,JD Cloete,RJ Tucker
548331,2012,Chandigarh,2012-04-20,League,CH Gayle,"Punjab Cricket Association Stadium, Mohali",PBKS,RCB,RCB,field,RCB,wickets,5.0,164.0,20.0,N,,S Ravi,RJ Tucker
548332,2012,Chennai,2012-04-21,League,F du Plessis,"MA Chidambaram Stadium, Chepauk",CSK,RR,RR,bat,CSK,wickets,7.0,147.0,20.0,N,,Aleem Dar,BNJ Oxenford
548334,2012,Mumbai,2012-04-22,League,SE Marsh,Wankhede Stadium,MI,PBKS,MI,bat,PBKS,wickets,6.0,164.0,20.0,N,,S Ravi,RJ Tucker
548336,2012,Jaipur,2012-04-23,League,AB de Villiers,Sawai Mansingh Stadium,RR,RCB,RR,field,RCB,runs,46.0,190.0,20.0,N,,Asad Rauf,S Asnani
548339,2012,Chandigarh,2012-04-25,League,AT Rayudu,"Punjab Cricket Association Stadium, Mohali",PBKS,MI,PBKS,bat,MI,wickets,4.0,169.0,20.0,N,,Aleem Dar,BNJ Oxenford
548342,2012,Delhi,2012-04-27,League,V Sehwag,Feroz Shah Kotla,DC,MI,MI,field,DC,runs,37.0,208.0,20.0,N,,Aleem Dar,BNJ Oxenford
548343,2012,Chennai,2012-04-28,League,Mandeep Singh,"MA Chidambaram Stadium, Chepauk",CSK,PBKS,PBKS,bat,PBKS,runs,7.0,157.0,20.0,N,,BF Bowden,SK Tarapore
548344,2012,Kolkata,2012-04-28,League,G Gambhir,Eden Gardens,KKR,RCB,KKR,bat,KKR,runs,47.0,191.0,20.0,N,,Asad Rauf,BR Doctrove
548345,2012,Delhi,2012-04-29,League,V Sehwag,Feroz Shah Kotla,DC,RR,DC,bat,DC,runs,1.0,153.0,20.0,N,,S Ravi,RJ Tucker
548347,2012,Chennai,2012-04-30,League,G Gambhir,"MA Chidambaram Stadium, Chepauk",CSK,KKR,CSK,bat,KKR,wickets,5.0,140.0,20.0,N,,BF Bowden,C Shamshuddin
548349,2012,Jaipur,2012-05-01,League,P Negi,Sawai Mansingh Stadium,RR,DC,RR,bat,DC,wickets,6.0,142.0,20.0,N,,JD Cloete,SJA Taufel
548350,2012,Bangalore,2012-05-02,League,Azhar Mahmood,M Chinnaswamy Stadium,RCB,PBKS,PBKS,field,PBKS,wickets,4.0,159.0,20.0,N,,BF Bowden,C Shamshuddin
548354,2012,Chandigarh,2012-05-05,League,SR Watson,"Punjab Cricket Association Stadium, Mohali",PBKS,RR,RR,bat,RR,runs,43.0,178.0,20.0,N,,JD Cloete,SJA Taufel
548355,2012,Mumbai,2012-05-06,League,DR Smith,Wankhede Stadium,MI,CSK,MI,field,MI,wickets,2.0,174.0,20.0,N,,Asad Rauf,S Asnani
548357,2012,Delhi,2012-05-07,League,JH Kallis,Feroz Shah Kotla,DC,KKR,DC,bat,KKR,wickets,6.0,154.0,20.0,N,,JD Cloete,S Ravi
548360,2012,Mumbai,2012-05-09,League,CH Gayle,Wankhede Stadium,MI,RCB,RCB,field,RCB,wickets,9.0,142.0,20.0,N,,BF Bowden,VA Kulkarni
548361,2012,Jaipur,2012-05-10,League,BW Hilfenhaus,Sawai Mansingh Stadium,RR,CSK,CSK,field,CSK,wickets,4.0,127.0,20.0,N,,BNJ Oxenford,C Shamshuddin
548363,2012,Kolkata,2012-05-12,League,RG Sharma,Eden Gardens,KKR,MI,MI,bat,MI,runs,27.0,183.0,20.0,N,,S Ravi,SJA Taufel
548364,2012,Chennai,2012-05-12,League,BW Hilfenhaus,"MA Chidambaram Stadium, Chepauk",CSK,DC,CSK,field,CSK,wickets,9.0,115.0,20.0,N,,S Das,BR Doctrove
548367,2012,Bangalore,2012-05-14,League,AT Rayudu,M Chinnaswamy Stadium,RCB,MI,MI,field,MI,wickets,5.0,172.0,20.0,N,,S Das,BR Doctrove
548368,2012,Kolkata,2012-05-14,League,MEK Hussey,Eden Gardens,KKR,CSK,CSK,field,CSK,wickets,5.0,159.0,20.0,N,,JD Cloete,SJA Taufel
548369,2012,Delhi,2012-05-15,League,UT Yadav,Feroz Shah Kotla,DC,PBKS,PBKS,bat,DC,wickets,5.0,137.0,20.0,N,,HDPK Dharmasena,BNJ Oxenford
548370,2012,Mumbai,2012-05-16,League,SP Narine,Wankhede Stadium,MI,KKR,MI,field,KKR,runs,32.0,141.0,20.0,N,,S Das,BR Doctrove
548371,2012,Dharamsala,2012-05-17,League,AC Gilchrist,Himachal Pradesh Cricket Association Stadium,PBKS,CSK,PBKS,field,PBKS,wickets,6.0,121.0,20.0,N,,VA Kulkarni,SK Tarapore
548372,2012,Delhi,2012-05-17,League,CH Gayle,Feroz Shah Kotla,DC,RCB,DC,field,RCB,runs,21.0,216.0,20.0,N,,HDPK Dharmasena,C Shamshuddin
548374,2012,Dharamsala,2012-05-19,League,UT Yadav,Himachal Pradesh Cricket Association Stadium,PBKS,DC,DC,field,DC,wickets,6.0,142.0,20.0,N,,BF Bowden,VA Kulkarni
548377,2012,Jaipur,2012-05-20,League,DR Smith,Sawai Mansingh Stadium,RR,MI,RR,bat,MI,wickets,10.0,163.0,20.0,N,,HDPK Dharmasena,C Shamshuddin
548378,2012,Pune,2012-05-22,Qualifier 1,YK Pathan,Subrata Roy Sahara Stadium,DC,KKR,KKR,bat,KKR,runs,18.0,163.0,20.0,N,,BR Doctrove,SJA Taufel
548379,2012,Bangalore,2012-05-23,Elimination Final,MS Dhoni,M Chinnaswamy Stadium,CSK,MI,MI,field,CSK,runs,38.0,188.0,20.0,N,,BF Bowden,HDPK Dharmasena
548380,2012,Chennai,2012-05-25,Qualifier 2,M Vijay,"MA Chidambaram Stadium, Chepauk",DC,CSK,DC,field,CSK,runs,86.0,223.0,20.0,N,,BR Doctrove,SJA Taufel
548381,2012,Chennai,2012-05-27,Final,MS Bisla,"MA Chidambaram Stadium, Chepauk",KKR,CSK,CSK,bat,KKR,wickets,5.0,191.0,20.0,N,,BF Bowden,SJA Taufel
597998,2013,Kolkata,2013-04-03,League,SP Narine,Eden Gardens,KKR,DC,KKR,field,KKR,wickets,6.0,129.0,20.0,N,,S Ravi,SJA Taufel
597999,2013,Bangalore,2013-04-04,League,CH Gayle,M Chinnaswamy Stadium,RCB,MI,MI,field,RCB,runs,2.0,157.0,20.0,N,,VA Kulkarni,C Shamshuddin
598001,2013,Delhi,2013-04-06,League,R Dravid,Feroz Shah Kotla,DC,RR,RR,bat,RR,runs,5.0,166.0,20.0,N,,S Das,C Shamshuddin
598002,2013,Chennai,2013-04-06,League,KA Pollard,"MA Chidambaram Stadium, Chepauk",CSK,MI,MI,bat,MI,runs,9.0,149.0,20.0,N,,M Erasmus,VA Kulkarni
598004,2013,Hyderabad,2013-04-07,League,GH Vihari,"Rajiv Gandhi International Stadium, Uppal",SRH,RCB,RCB,bat,SRH,tie,,131.0,20.0,Y,,AK Chaudhary,S Ravi
598005,2013,Jaipur,2013-04-08,League,SK Trivedi,Sawai Mansingh Stadium,RR,KKR,KKR,field,RR,runs,19.0,145.0,20.0,N,,Aleem Dar,S Das
598006,2013,Mumbai,2013-04-09,League,KD Karthik,Wankhede Stadium,MI,DC,MI,bat,MI,runs,44.0,210.0,20.0,N,,M Erasmus,VA Kulkarni
598048,2013,Bangalore,2013-04-09,League,V Kohli,M Chinnaswamy Stadium,RCB,SRH,SRH,bat,RCB,wickets,7.0,162.0,20.0,N,,S Ravi,SJA Taufel
598007,2013,Chandigarh,2013-04-10,League,MEK Hussey,"Punjab Cricket Association Stadium, Mohali",PBKS,CSK,CSK,field,CSK,wickets,10.0,139.0,20.0,N,,Aleem Dar,C Shamshuddin
598008,2013,Bangalore,2013-04-11,League,CH Gayle,M Chinnaswamy Stadium,RCB,KKR,RCB,field,RCB,wickets,8.0,155.0,20.0,N,,Asad Rauf,AK Chaudhary
598010,2013,Delhi,2013-04-12,League,A Mishra,Feroz Shah Kotla,DC,SRH,DC,bat,SRH,wickets,3.0,115.0,20.0,N,,Aleem Dar,Subroto Das
598012,2013,Chennai,2013-04-13,League,RA Jadeja,"MA Chidambaram Stadium, Chepauk",CSK,RCB,CSK,field,CSK,wickets,4.0,166.0,20.0,N,,Asad Rauf,AK Chaudhary
598013,2013,Kolkata,2013-04-14,League,G Gambhir,Eden Gardens,KKR,SRH,KKR,bat,KKR,runs,48.0,181.0,20.0,N,,M Erasmus,VA Kulkarni
598014,2013,Jaipur,2013-04-14,League,JP Faulkner,Sawai Mansingh Stadium,RR,PBKS,RR,field,RR,wickets,6.0,125.0,20.0,N,,Aleem Dar,C Shamshuddin
598016,2013,Chandigarh,2013-04-16,League,MS Gony,"Punjab Cricket Association Stadium, Mohali",PBKS,KKR,KKR,field,PBKS,runs,4.0,158.0,20.0,N,,CK Nandan,SJA Taufel
598017,2013,Bangalore,2013-04-16,League,V Kohli,M Chinnaswamy Stadium,RCB,DC,RCB,field,RCB,tie,,153.0,20.0,Y,,M Erasmus,VA Kulkarni
598019,2013,Jaipur,2013-04-17,League,AM Rahane,Sawai Mansingh Stadium,RR,MI,RR,bat,RR,runs,87.0,180.0,20.0,N,,Aleem Dar,C Shamshuddin
598020,2013,Delhi,2013-04-18,League,MEK Hussey,Feroz Shah Kotla,DC,CSK,CSK,bat,CSK,runs,86.0,170.0,20.0,N,,M Erasmus,VA Kulkarni
598021,2013,Hyderabad,2013-04-19,League,GH Vihari,"Rajiv Gandhi International Stadium, Uppal",SRH,PBKS,PBKS,bat,SRH,wickets,5.0,124.0,20.0,N,,HDPK Dharmasena,CK Nandan
598022,2013,Kolkata,2013-04-20,League,RA Jadeja,Eden Gardens,KKR,CSK,KKR,bat,CSK,wickets,4.0,120.0,20.0,N,,Asad Rauf,AK Chaudhary
598023,2013,Bangalore,2013-04-20,League,R Vinay Kumar,M Chinnaswamy Stadium,RCB,RR,RCB,field,RCB,wickets,7.0,118.0,20.0,N,,Aleem Dar,C Shamshuddin
598024,2013,Delhi,2013-04-21,League,V Sehwag,Feroz Shah Kotla,DC,MI,MI,bat,DC,wickets,9.0,162.0,20.0,N,,HDPK Dharmasena,S Ravi
598026,2013,Chennai,2013-04-22,League,MEK Hussey,"MA Chidambaram Stadium, Chepauk",CSK,RR,RR,bat,CSK,wickets,5.0,186.0,20.0,N,,S Asnani,AK Chaudhary
598059,2013,Delhi,2013-04-23,League,Harmeet Singh,Feroz Shah Kotla,DC,PBKS,PBKS,field,PBKS,wickets,5.0,121.0,20.0,N,,VA Kulkarni,K Srinath
598029,2013,Kolkata,2013-04-24,League,DR Smith,Eden Gardens,KKR,MI,KKR,bat,MI,wickets,5.0,160.0,20.0,N,,HDPK Dharmasena,S Ravi
598030,2013,Chennai,2013-04-25,League,MS Dhoni,"MA Chidambaram Stadium, Chepauk",CSK,SRH,SRH,bat,CSK,wickets,5.0,160.0,20.0,N,,Aleem Dar,S Das
598031,2013,Kolkata,2013-04-26,League,JH Kallis,Eden Gardens,KKR,PBKS,PBKS,bat,KKR,wickets,6.0,150.0,20.0,N,,CK Nandan,S Ravi
598032,2013,Jaipur,2013-04-27,League,JP Faulkner,Sawai Mansingh Stadium,RR,SRH,SRH,bat,RR,wickets,8.0,145.0,20.0,N,,VA Kulkarni,K Srinath
598033,2013,Mumbai,2013-04-27,League,DR Smith,Wankhede Stadium,MI,RCB,MI,bat,MI,runs,58.0,195.0,20.0,N,,Asad Rauf,S Asnani
598034,2013,Chennai,2013-04-28,League,MEK Hussey,"MA Chidambaram Stadium, Chepauk",CSK,KKR,KKR,field,CSK,runs,14.0,201.0,20.0,N,,Aleem Dar,SJA Taufel
598036,2013,Jaipur,2013-04-29,League,SV Samson,Sawai Mansingh Stadium,RR,RCB,RR,field,RR,wickets,4.0,172.0,20.0,N,,M Erasmus,K Srinath
598037,2013,Mumbai,2013-04-29,League,RG Sharma,Wankhede Stadium,MI,PBKS,MI,bat,MI,runs,4.0,175.0,20.0,N,,Asad Rauf,AK Chaudhary
598039,2013,Hyderabad,2013-05-01,League,I Sharma,"Rajiv Gandhi International Stadium, Uppal",SRH,MI,MI,bat,SRH,wickets,7.0,130.0,20.0,N,,Asad Rauf,S Asnani
598040,2013,Raipur,2013-05-01,League,DA Warner,Shaheed Veer Narayan Singh International Stadium,DC,KKR,KKR,bat,DC,wickets,7.0,137.0,20.0,N,,HDPK Dharmasena,CK Nandan
598041,2013,Chennai,2013-05-02,League,SK Raina,"MA Chidambaram Stadium, Chepauk",CSK,PBKS,CSK,bat,CSK,runs,15.0,187.0,20.0,N,,M Erasmus,VA Kulkarni
598043,2013,Kolkata,2013-05-03,League,YK Pathan,Eden Gardens,KKR,RR,RR,bat,KKR,wickets,8.0,133.0,20.0,N,,HDPK Dharmasena,CK Nandan
598044,2013,Hyderabad,2013-05-04,League,DJG Sammy,"Rajiv Gandhi International Stadium, Uppal",SRH,DC,DC,bat,SRH,wickets,6.0,81.0,20.0,N,,Asad Rauf,S Asnani
598046,2013,Mumbai,2013-05-05,League,MG Johnson,Wankhede Stadium,MI,CSK,MI,bat,MI,runs,60.0,140.0,20.0,N,,HDPK Dharmasena,CK Nandan
598064,2013,Chandigarh,2013-05-06,League,DA Miller,"Punjab Cricket Association Stadium, Mohali",PBKS,RCB,PBKS,field,PBKS,wickets,6.0,191.0,20.0,N,,VA Kulkarni,NJ Llong
598049,2013,Jaipur,2013-05-07,League,AM Rahane,Sawai Mansingh Stadium,RR,DC,DC,bat,RR,wickets,9.0,155.0,20.0,N,,Aleem Dar,RJ Tucker
598050,2013,Mumbai,2013-05-07,League,SR Tendulkar,Wankhede Stadium,MI,KKR,MI,bat,MI,runs,65.0,171.0,20.0,N,,HDPK Dharmasena,S Ravi
598051,2013,Hyderabad,2013-05-08,League,SK Raina,"Rajiv Gandhi International Stadium, Uppal",SRH,CSK,SRH,field,CSK,runs,77.0,224.0,20.0,N,,S Das,NJ Llong
598052,2013,Chandigarh,2013-05-09,League,KK Cooper,"Punjab Cricket Association Stadium, Mohali",PBKS,RR,RR,field,RR,wickets,8.0,146.0,20.0,N,,HDPK Dharmasena,S Ravi
598054,2013,Delhi,2013-05-10,League,JD Unadkat,Feroz Shah Kotla,DC,RCB,DC,field,RCB,runs,4.0,184.0,20.0,N,,NJ Llong,K Srinath
598056,2013,Chandigarh,2013-05-11,League,PA Patel,"Punjab Cricket Association Stadium, Mohali",PBKS,SRH,PBKS,field,SRH,runs,30.0,151.0,20.0,N,,S Das,RJ Tucker
598057,2013,Ranchi,2013-05-12,League,JH Kallis,JSCA International Stadium Complex,KKR,RCB,KKR,field,KKR,wickets,5.0,116.0,20.0,N,,NJ Llong,K Srinath
598058,2013,Jaipur,2013-05-12,League,SR Watson,Sawai Mansingh Stadium,RR,CSK,RR,field,RR,wickets,5.0,142.0,20.0,N,,HDPK Dharmasena,CK Nandan
598060,2013,Mumbai,2013-05-13,League,KA Pollard,Wankhede Stadium,MI,SRH,SRH,bat,MI,wickets,7.0,179.0,20.0,N,,AK Chaudhary,SJA Taufel
598045,2013,Bangalore,2013-05-14,League,AC Gilchrist,M Chinnaswamy Stadium,RCB,PBKS,PBKS,field,PBKS,wickets,7.0,175.0,20.0,N,,HDPK Dharmasena,S Ravi
598062,2013,Chennai,2013-05-14,League,MS Dhoni,"MA Chidambaram Stadium, Chepauk",CSK,DC,CSK,bat,CSK,runs,33.0,169.0,20.0,N,,C Shamshuddin,RJ Tucker
598063,2013,Mumbai,2013-05-15,League,AP Tare,Wankhede Stadium,MI,RR,RR,field,MI,runs,14.0,167.0,20.0,N,,Asad Rauf,S Asnani
598028,2013,Dharamsala,2013-05-16,League,DA Miller,Himachal Pradesh Cricket Association Stadium,PBKS,DC,DC,field,PBKS,runs,7.0,172.0,20.0,N,,HDPK Dharmasena,S Ravi
598065,2013,Hyderabad,2013-05-17,League,A Mishra,"Rajiv Gandhi International Stadium, Uppal",SRH,RR,SRH,bat,SRH,runs,23.0,137.0,20.0,N,,Asad Rauf,AK Chaudhary
598066,2013,Dharamsala,2013-05-18,League,Azhar Mahmood,Himachal Pradesh Cricket Association Stadium,PBKS,MI,MI,field,PBKS,runs,50.0,184.0,20.0,N,,HDPK Dharmasena,CK Nandan
598068,2013,Bangalore,2013-05-18,League,V Kohli,M Chinnaswamy Stadium,RCB,CSK,CSK,field,RCB,runs,24.0,107.0,8.0,N,,C Shamshuddin,RJ Tucker
598069,2013,Hyderabad,2013-05-19,League,PA Patel,"Rajiv Gandhi International Stadium, Uppal",SRH,KKR,KKR,bat,SRH,wickets,5.0,131.0,20.0,N,,Asad Rauf,S Asnani
598070,2013,Delhi,2013-05-21,Qualifier 1,MEK Hussey,Feroz Shah Kotla,CSK,MI,CSK,bat,CSK,runs,48.0,193.0,20.0,N,,NJ Llong,RJ Tucker
598071,2013,Delhi,2013-05-22,Eliminator,BJ Hodge,Feroz Shah Kotla,RR,SRH,SRH,bat,RR,wickets,4.0,133.0,20.0,N,,S Ravi,RJ Tucker
598072,2013,Kolkata,2013-05-24,Qualifier 2,Harbhajan Singh,Eden Gardens,MI,RR,RR,bat,MI,wickets,4.0,166.0,20.0,N,,C Shamshuddin,SJA Taufel
598073,2013,Kolkata,2013-05-26,Final,KA Pollard,Eden Gardens,CSK,MI,MI,bat,MI,runs,23.0,149.0,20.0,N,,HDPK Dharmasena,SJA Taufel
729279,2014,Abu Dhabi,2014-04-16,League,JH Kallis,Sheikh Zayed Stadium,MI,KKR,KKR,bat,KKR,runs,41.0,164.0,20.0,N,,M Erasmus,RK Illingworth
729281,2014,,2014-04-17,League,YS Chahal,Sharjah Cricket Stadium,DC,RCB,RCB,field,RCB,wickets,8.0,146.0,20.0,N,,Aleem Dar,S Ravi
729283,2014,Abu Dhabi,2014-04-18,League,GJ Maxwell,Sheikh Zayed Stadium,CSK,PBKS,CSK,bat,PBKS,wickets,6.0,206.0,20.0,N,,RK Illingworth,C Shamshuddin
729285,2014,Abu Dhabi,2014-04-18,League,AM Rahane,Sheikh Zayed Stadium,SRH,RR,RR,field,RR,wickets,4.0,134.0,20.0,N,,BF Bowden,RK Illingworth
729287,2014,,2014-04-19,League,PA Patel,Dubai International Cricket Stadium,RCB,MI,RCB,field,RCB,wickets,7.0,116.0,20.0,N,,Aleem Dar,AK Chaudhary
729289,2014,,2014-04-19,League,JP Duminy,Dubai International Cricket Stadium,KKR,DC,KKR,bat,DC,wickets,4.0,167.0,20.0,N,,Aleem Dar,VA Kulkarni
729291,2014,,2014-04-20,League,GJ Maxwell,Sharjah Cricket Stadium,RR,PBKS,PBKS,field,PBKS,wickets,7.0,192.0,20.0,N,,BF Bowden,M Erasmus
729293,2014,Abu Dhabi,2014-04-21,League,SK Raina,Sheikh Zayed Stadium,CSK,DC,CSK,bat,CSK,runs,93.0,178.0,20.0,N,,RK Illingworth,C Shamshuddin
729295,2014,,2014-04-22,League,GJ Maxwell,Sharjah Cricket Stadium,PBKS,SRH,SRH,field,PBKS,runs,72.0,194.0,20.0,N,,M Erasmus,S Ravi
729297,2014,,2014-04-23,League,RA Jadeja,Dubai International Cricket Stadium,RR,CSK,RR,field,CSK,runs,7.0,141.0,20.0,N,,HDPK Dharmasena,RK Illingworth
729299,2014,,2014-04-24,League,CA Lynn,Sharjah Cricket Stadium,RCB,KKR,RCB,field,KKR,runs,2.0,151.0,20.0,N,,Aleem Dar,VA Kulkarni
729301,2014,,2014-04-25,League,AJ Finch,Dubai International Cricket Stadium,SRH,DC,SRH,bat,SRH,runs,4.0,185.0,20.0,N,,M Erasmus,S Ravi
729303,2014,,2014-04-25,League,MM Sharma,Dubai International Cricket Stadium,CSK,MI,MI,bat,CSK,wickets,7.0,142.0,20.0,N,,BF Bowden,M Erasmus
729305,2014,Abu Dhabi,2014-04-26,League,PV Tambe,Sheikh Zayed Stadium,RR,RCB,RR,field,RR,wickets,6.0,71.0,20.0,N,,HDPK Dharmasena,C Shamshuddin
729307,2014,Abu Dhabi,2014-04-26,League,Sandeep Sharma,Sheikh Zayed Stadium,KKR,PBKS,KKR,field,PBKS,runs,23.0,133.0,20.0,N,,HDPK Dharmasena,RK Illingworth
729309,2014,,2014-04-27,League,M Vijay,Sharjah Cricket Stadium,DC,MI,MI,bat,DC,wickets,6.0,126.0,20.0,N,,Aleem Dar,VA Kulkarni
729311,2014,,2014-04-27,League,DR Smith,Sharjah Cricket Stadium,SRH,CSK,SRH,bat,CSK,wickets,5.0,146.0,20.0,N,,AK Chaudhary,VA Kulkarni
729313,2014,,2014-04-28,League,Sandeep Sharma,Dubai International Cricket Stadium,PBKS,RCB,PBKS,field,PBKS,wickets,5.0,125.0,20.0,N,,BF Bowden,S Ravi
729315,2014,Abu Dhabi,2014-04-29,League,JP Faulkner,Sheikh Zayed Stadium,KKR,RR,RR,bat,RR,tie,,153.0,20.0,Y,,Aleem Dar,AK Chaudhary
729317,2014,,2014-04-30,League,B Kumar,Dubai International Cricket Stadium,MI,SRH,MI,field,SRH,runs,15.0,173.0,20.0,N,,HDPK Dharmasena,M Erasmus
733971,2014,Ranchi,2014-05-02,League,RA Jadeja,JSCA International Stadium Complex,CSK,KKR,CSK,bat,CSK,runs,34.0,149.0,17.0,N,,AK Chaudhary,NJ Llong
733973,2014,Mumbai,2014-05-03,League,CJ Anderson,Wankhede Stadium,MI,PBKS,PBKS,bat,MI,wickets,5.0,169.0,20.0,N,,BNJ Oxenford,C Shamshuddin
733975,2014,Delhi,2014-05-03,League,KK Nair,Feroz Shah Kotla,DC,RR,RR,field,RR,wickets,7.0,153.0,20.0,N,,SS Hazare,S Ravi
733977,2014,Bangalore,2014-05-04,League,AB de Villiers,M Chinnaswamy Stadium,RCB,SRH,RCB,field,RCB,wickets,4.0,156.0,20.0,N,,HDPK Dharmasena,VA Kulkarni
733979,2014,Ahmedabad,2014-05-05,League,PV Tambe,"Sardar Patel Stadium, Motera",RR,KKR,KKR,field,RR,runs,10.0,171.0,20.0,N,,NJ Llong,CK Nandan
733981,2014,Delhi,2014-05-05,League,DR Smith,Feroz Shah Kotla,DC,CSK,CSK,field,CSK,wickets,8.0,179.0,20.0,N,,RM Deshpande,BNJ Oxenford
733983,2014,Mumbai,2014-05-06,League,RG Sharma,Wankhede Stadium,MI,RCB,RCB,field,MI,runs,19.0,188.0,20.0,N,,S Ravi,K Srinath
733985,2014,Delhi,2014-05-07,League,G Gambhir,Feroz Shah Kotla,DC,KKR,DC,bat,KKR,wickets,8.0,161.0,20.0,N,,BNJ Oxenford,C Shamshuddin
733987,2014,Cuttack,2014-05-07,League,GJ Maxwell,Barabati Stadium,PBKS,CSK,CSK,field,PBKS,runs,44.0,232.0,20.0,N,,HDPK Dharmasena,PG Pathak
733989,2014,Ahmedabad,2014-05-08,League,B Kumar,"Sardar Patel Stadium, Motera",RR,SRH,RR,field,SRH,runs,32.0,135.0,20.0,N,,AK Chaudhary,NJ Llong
733991,2014,Bangalore,2014-05-09,League,Sandeep Sharma,M Chinnaswamy Stadium,RCB,PBKS,RCB,field,PBKS,runs,32.0,199.0,20.0,N,,S Ravi,K Srinath
733993,2014,Delhi,2014-05-10,League,DW Steyn,Feroz Shah Kotla,DC,SRH,SRH,field,SRH,wickets,8.0,43.0,5.0,N,D/L,RM Deshpande,BNJ Oxenford
733995,2014,Mumbai,2014-05-10,League,DR Smith,Wankhede Stadium,MI,CSK,CSK,field,CSK,wickets,4.0,158.0,20.0,N,,HDPK Dharmasena,VA Kulkarni
733997,2014,Cuttack,2014-05-11,League,G Gambhir,Barabati Stadium,PBKS,KKR,KKR,field,KKR,wickets,9.0,150.0,20.0,N,,NJ Llong,CK Nandan
733999,2014,Bangalore,2014-05-11,League,JP Faulkner,M Chinnaswamy Stadium,RCB,RR,RCB,bat,RR,wickets,5.0,191.0,20.0,N,,S Ravi,RJ Tucker
734001,2014,Hyderabad,2014-05-12,League,AT Rayudu,"Rajiv Gandhi International Stadium, Uppal",SRH,MI,SRH,bat,MI,wickets,7.0,158.0,20.0,N,,HDPK Dharmasena,VA Kulkarni
734003,2014,Ranchi,2014-05-13,League,RA Jadeja,JSCA International Stadium Complex,CSK,RR,RR,bat,CSK,wickets,5.0,149.0,20.0,N,,BNJ Oxenford,C Shamshuddin
734005,2014,Bangalore,2014-05-13,League,Yuvraj Singh,M Chinnaswamy Stadium,RCB,DC,DC,field,RCB,runs,16.0,187.0,20.0,N,,K Srinath,RJ Tucker
734007,2014,Hyderabad,2014-05-14,League,WP Saha,"Rajiv Gandhi International Stadium, Uppal",SRH,PBKS,PBKS,field,PBKS,wickets,6.0,206.0,20.0,N,,VA Kulkarni,PG Pathak
734009,2014,Cuttack,2014-05-14,League,RV Uthappa,Barabati Stadium,KKR,MI,KKR,field,KKR,wickets,6.0,142.0,20.0,N,,AK Chaudhary,NJ Llong
734011,2014,Ahmedabad,2014-05-15,League,AM Rahane,"Sardar Patel Stadium, Motera",RR,DC,DC,field,RR,runs,62.0,202.0,20.0,N,,S Ravi,RJ Tucker
734013,2014,Ranchi,2014-05-18,League,AB de Villiers,JSCA International Stadium Complex,CSK,RCB,CSK,bat,RCB,wickets,5.0,139.0,20.0,N,,BNJ Oxenford,C Shamshuddin
734015,2014,Hyderabad,2014-05-18,League,UT Yadav,"Rajiv Gandhi International Stadium, Uppal",SRH,KKR,SRH,bat,KKR,wickets,7.0,143.0,20.0,N,,NJ Llong,CK Nandan
734017,2014,Ahmedabad,2014-05-19,League,MEK Hussey,"Sardar Patel Stadium, Motera",RR,MI,MI,bat,MI,runs,25.0,179.0,20.0,N,,S Ravi,RJ Tucker
734019,2014,Delhi,2014-05-19,League,AR Patel,Feroz Shah Kotla,DC,PBKS,PBKS,field,PBKS,wickets,4.0,165.0,20.0,N,,HDPK Dharmasena,PG Pathak
734021,2014,Hyderabad,2014-05-20,League,DA Warner,"Rajiv Gandhi International Stadium, Uppal",SRH,RCB,RCB,bat,SRH,wickets,7.0,161.0,20.0,N,,AK Chaudhary,NJ Llong
734023,2014,Kolkata,2014-05-20,League,RV Uthappa,Eden Gardens,KKR,CSK,KKR,field,KKR,wickets,8.0,155.0,20.0,N,,RM Deshpande,C Shamshuddin
734025,2014,Chandigarh,2014-05-21,League,LMP Simmons,"Punjab Cricket Association Stadium, Mohali",PBKS,MI,MI,field,MI,wickets,7.0,157.0,20.0,N,,HDPK Dharmasena,VA Kulkarni
734027,2014,Kolkata,2014-05-22,League,RV Uthappa,Eden Gardens,KKR,RCB,RCB,field,KKR,runs,30.0,196.0,20.0,N,,AK Chaudhary,CK Nandan
734029,2014,Ranchi,2014-05-22,League,DA Warner,JSCA International Stadium Complex,CSK,SRH,SRH,field,SRH,wickets,6.0,186.0,20.0,N,,BNJ Oxenford,C Shamshuddin
734031,2014,Mumbai,2014-05-23,League,MEK Hussey,Wankhede Stadium,MI,DC,DC,field,MI,runs,15.0,174.0,20.0,N,,S Ravi,RJ Tucker
734033,2014,Chandigarh,2014-05-23,League,SE Marsh,"Punjab Cricket Association Stadium, Mohali",PBKS,RR,RR,field,PBKS,runs,16.0,180.0,20.0,N,,HDPK Dharmasena,PG Pathak
734035,2014,Bangalore,2014-05-24,League,MS Dhoni,M Chinnaswamy Stadium,RCB,CSK,CSK,field,CSK,wickets,8.0,155.0,20.0,N,,AK Chaudhary,NJ Llong
734037,2014,Kolkata,2014-05-24,League,YK Pathan,Eden Gardens,KKR,SRH,KKR,field,KKR,wickets,4.0,161.0,20.0,N,,RM Deshpande,BNJ Oxenford
734039,2014,Chandigarh,2014-05-25,League,M Vohra,"Punjab Cricket Association Stadium, Mohali",PBKS,DC,PBKS,field,PBKS,wickets,7.0,116.0,20.0,N,,HDPK Dharmasena,VA Kulkarni
734041,2014,Mumbai,2014-05-25,League,CJ Anderson,Wankhede Stadium,MI,RR,MI,field,MI,wickets,5.0,190.0,20.0,N,,K Srinath,RJ Tucker
734043,2014,Kolkata,2014-05-27,Qualifier 1,UT Yadav,Eden Gardens,PBKS,KKR,PBKS,field,KKR,runs,28.0,164.0,20.0,N,,NJ Llong,S Ravi
734045,2014,Mumbai,2014-05-28,Eliminator,SK Raina,Brabourne Stadium,CSK,MI,CSK,field,CSK,wickets,7.0,174.0,20.0,N,,VA Kulkarni,BNJ Oxenford
734047,2014,Mumbai,2014-05-30,Qualifier 2,V Sehwag,Wankhede Stadium,CSK,PBKS,CSK,field,PBKS,runs,24.0,227.0,20.0,N,,HDPK Dharmasena,RJ Tucker
734049,2014,Bangalore,2014-06-01,Final,MK Pandey,M Chinnaswamy Stadium,KKR,PBKS,KKR,field,KKR,wickets,3.0,200.0,20.0,N,,HDPK Dharmasena,BNJ Oxenford
829705,2015,Kolkata,2015-04-08,League,M Morkel,Eden Gardens,KKR,MI,KKR,field,KKR,wickets,7.0,169.0,20.0,N,,S Ravi,C Shamshuddin
829707,2015,Chennai,2015-04-09,League,A Nehra,"MA Chidambaram Stadium, Chepauk",CSK,DC,DC,field,CSK,runs,1.0,151.0,20.0,N,,RK Illingworth,VA Kulkarni
829709,2015,Pune,2015-04-10,League,JP Faulkner,Maharashtra Cricket Association Stadium,PBKS,RR,PBKS,field,RR,runs,26.0,163.0,20.0,N,,SD Fry,CB Gaffaney
829711,2015,Chennai,2015-04-11,League,BB McCullum,"MA Chidambaram Stadium, Chepauk",CSK,SRH,CSK,bat,CSK,runs,45.0,210.0,20.0,N,,RK Illingworth,VA Kulkarni
829713,2015,Kolkata,2015-04-11,League,CH Gayle,Eden Gardens,KKR,RCB,RCB,field,RCB,wickets,3.0,178.0,20.0,N,,S Ravi,C Shamshuddin
829715,2015,Delhi,2015-04-12,League,DJ Hooda,Feroz Shah Kotla,DC,RR,RR,field,RR,wickets,3.0,185.0,20.0,N,,SD Fry,CB Gaffaney
829717,2015,Mumbai,2015-04-12,League,GJ Bailey,Wankhede Stadium,MI,PBKS,MI,field,PBKS,runs,18.0,178.0,20.0,N,,AK Chaudhary,K Srinivasan
829719,2015,Bangalore,2015-04-13,League,DA Warner,M Chinnaswamy Stadium,RCB,SRH,SRH,field,SRH,wickets,8.0,167.0,20.0,N,,RM Deshpande,RK Illingworth
829721,2015,Ahmedabad,2015-04-14,League,SPD Smith,"Sardar Patel Stadium, Motera",RR,MI,MI,bat,RR,wickets,7.0,165.0,20.0,N,,AK Chaudhary,SD Fry
829725,2015,Pune,2015-04-15,League,MA Agarwal,Maharashtra Cricket Association Stadium,PBKS,DC,PBKS,bat,DC,wickets,5.0,166.0,20.0,N,,CB Gaffaney,K Srinath
829727,2015,Visakhapatnam,2015-04-16,League,AM Rahane,Dr. Y.S. Rajasekhara Reddy ACA-VDCA Cricket Stadium,SRH,RR,RR,field,RR,wickets,6.0,128.0,20.0,N,,PG Pathak,S Ravi
829729,2015,Mumbai,2015-04-17,League,A Nehra,Wankhede Stadium,MI,CSK,MI,bat,CSK,wickets,6.0,184.0,20.0,N,,AK Chaudhary,M Erasmus
829731,2015,Visakhapatnam,2015-04-18,League,JP Duminy,Dr. Y.S. Rajasekhara Reddy ACA-VDCA Cricket Stadium,SRH,DC,DC,bat,DC,runs,4.0,168.0,20.0,N,,PG Pathak,S Ravi
829733,2015,Pune,2015-04-18,League,AD Russell,Maharashtra Cricket Association Stadium,PBKS,KKR,KKR,field,KKR,wickets,4.0,156.0,20.0,N,,SD Fry,CK Nandan
829735,2015,Ahmedabad,2015-04-19,League,AM Rahane,"Sardar Patel Stadium, Motera",RR,CSK,CSK,bat,RR,wickets,8.0,157.0,20.0,N,,AK Chaudhary,M Erasmus
829737,2015,Bangalore,2015-04-19,League,Harbhajan Singh,M Chinnaswamy Stadium,RCB,MI,RCB,field,MI,runs,18.0,210.0,20.0,N,,RK Illingworth,VA Kulkarni
829739,2015,Delhi,2015-04-20,League,UT Yadav,Feroz Shah Kotla,DC,KKR,KKR,field,KKR,wickets,6.0,147.0,20.0,N,,SD Fry,CB Gaffaney
829741,2015,Ahmedabad,2015-04-21,League,SE Marsh,"Sardar Patel Stadium, Motera",RR,PBKS,PBKS,field,PBKS,tie,,192.0,20.0,Y,,M Erasmus,S Ravi
829743,2015,Visakhapatnam,2015-04-22,League,DA Warner,Dr. Y.S. Rajasekhara Reddy ACA-VDCA Cricket Stadium,SRH,KKR,KKR,field,SRH,runs,16.0,118.0,12.0,N,D/L,RK Illingworth,VA Kulkarni
829745,2015,Bangalore,2015-04-22,League,SK Raina,M Chinnaswamy Stadium,RCB,CSK,RCB,field,CSK,runs,27.0,182.0,20.0,N,,JD Cloete,C Shamshuddin
829747,2015,Delhi,2015-04-23,League,SS Iyer,Feroz Shah Kotla,DC,MI,MI,field,DC,runs,37.0,191.0,20.0,N,,SD Fry,CK Nandan
829749,2015,Ahmedabad,2015-04-24,League,MA Starc,"Sardar Patel Stadium, Motera",RR,RCB,RCB,field,RCB,wickets,9.0,131.0,20.0,N,,M Erasmus,S Ravi
829751,2015,Mumbai,2015-04-25,League,SL Malinga,Wankhede Stadium,MI,SRH,MI,bat,MI,runs,20.0,158.0,20.0,N,,HDPK Dharmasena,CB Gaffaney
829753,2015,Chennai,2015-04-25,League,BB McCullum,"MA Chidambaram Stadium, Chepauk",CSK,PBKS,CSK,bat,CSK,runs,97.0,193.0,20.0,N,,JD Cloete,C Shamshuddin
829757,2015,Delhi,2015-04-26,League,VR Aaron,Feroz Shah Kotla,DC,RCB,RCB,field,RCB,wickets,10.0,96.0,20.0,N,,M Erasmus,S Ravi
829759,2015,Chandigarh,2015-04-27,League,TA Boult,"Punjab Cricket Association Stadium, Mohali",PBKS,SRH,PBKS,field,SRH,runs,20.0,151.0,20.0,N,,HDPK Dharmasena,CB Gaffaney
829765,2015,Chennai,2015-04-28,League,DJ Bravo,"MA Chidambaram Stadium, Chepauk",CSK,KKR,KKR,field,CSK,runs,2.0,135.0,20.0,N,,RM Deshpande,VA Kulkarni
829763,2015,Bangalore,2015-04-29,League,,M Chinnaswamy Stadium,RCB,RR,RR,field,,no result,,,,N,,JD Cloete,PG Pathak
829723,2015,Kolkata,2015-04-30,League,AD Russell,Eden Gardens,KKR,CSK,KKR,field,KKR,wickets,7.0,166.0,20.0,N,,AK Chaudhary,M Erasmus
829767,2015,Delhi,2015-05-01,League,NM Coulter-Nile,Feroz Shah Kotla,DC,PBKS,DC,field,DC,wickets,9.0,119.0,20.0,N,,RK Illingworth,S Ravi
829769,2015,Mumbai,2015-05-01,League,AT Rayudu,Wankhede Stadium,MI,RR,RR,field,MI,runs,8.0,188.0,20.0,N,,HDPK Dharmasena,CK Nandan
829771,2015,Bangalore,2015-05-02,League,Mandeep Singh,M Chinnaswamy Stadium,RCB,KKR,RCB,field,RCB,wickets,7.0,112.0,10.0,N,,JD Cloete,PG Pathak
829773,2015,Hyderabad,2015-05-02,League,DA Warner,"Rajiv Gandhi International Stadium, Uppal",SRH,CSK,CSK,field,SRH,runs,22.0,193.0,20.0,N,,AK Chaudhary,K Srinivasan
829775,2015,Chandigarh,2015-05-03,League,LMP Simmons,"Punjab Cricket Association Stadium, Mohali",PBKS,MI,MI,bat,MI,runs,23.0,173.0,20.0,N,,RK Illingworth,VA Kulkarni
829777,2015,Mumbai,2015-05-03,League,AM Rahane,Brabourne Stadium,RR,DC,DC,field,RR,runs,14.0,190.0,20.0,N,,HDPK Dharmasena,CB Gaffaney
829779,2015,Chennai,2015-05-04,League,SK Raina,"MA Chidambaram Stadium, Chepauk",CSK,RCB,CSK,bat,CSK,runs,24.0,149.0,20.0,N,,C Shamshuddin,K Srinath
829781,2015,Kolkata,2015-05-04,League,UT Yadav,Eden Gardens,KKR,SRH,SRH,field,KKR,runs,35.0,168.0,20.0,N,,AK Chaudhary,M Erasmus
829783,2015,Mumbai,2015-05-05,League,Harbhajan Singh,Wankhede Stadium,MI,DC,DC,bat,MI,wickets,5.0,153.0,20.0,N,,HDPK Dharmasena,CB Gaffaney
829785,2015,Bangalore,2015-05-06,League,CH Gayle,M Chinnaswamy Stadium,RCB,PBKS,PBKS,field,RCB,runs,138.0,227.0,20.0,N,,RK Illingworth,VA Kulkarni
829761,2015,Kolkata,2015-05-07,League,PP Chawla,Eden Gardens,KKR,DC,KKR,bat,KKR,runs,13.0,172.0,20.0,N,,AK Chaudhary,M Erasmus
829787,2015,Mumbai,2015-05-07,League,EJG Morgan,Brabourne Stadium,RR,SRH,RR,field,SRH,runs,7.0,202.0,20.0,N,,JD Cloete,C Shamshuddin
829789,2015,Chennai,2015-05-08,League,HH Pandya,"MA Chidambaram Stadium, Chepauk",CSK,MI,CSK,bat,MI,wickets,6.0,159.0,20.0,N,,CB Gaffaney,CK Nandan
829791,2015,Kolkata,2015-05-09,League,AD Russell,Eden Gardens,KKR,PBKS,PBKS,bat,KKR,wickets,1.0,184.0,20.0,N,,AK Chaudhary,HDPK Dharmasena
829793,2015,Raipur,2015-05-09,League,MC Henriques,Shaheed Veer Narayan Singh International Stadium,DC,SRH,SRH,bat,SRH,runs,6.0,164.0,20.0,N,,VA Kulkarni,S Ravi
829795,2015,Mumbai,2015-05-10,League,AB de Villiers,Wankhede Stadium,MI,RCB,RCB,bat,RCB,runs,39.0,236.0,20.0,N,,JD Cloete,C Shamshuddin
829797,2015,Chennai,2015-05-10,League,RA Jadeja,"MA Chidambaram Stadium, Chepauk",CSK,RR,CSK,bat,CSK,runs,12.0,158.0,20.0,N,,M Erasmus,CK Nandan
829799,2015,Hyderabad,2015-05-11,League,DA Warner,"Rajiv Gandhi International Stadium, Uppal",SRH,PBKS,SRH,bat,SRH,runs,5.0,186.0,20.0,N,,AK Chaudhary,HDPK Dharmasena
829801,2015,Raipur,2015-05-12,League,Z Khan,Shaheed Veer Narayan Singh International Stadium,DC,CSK,CSK,bat,DC,wickets,6.0,120.0,20.0,N,,RK Illingworth,VA Kulkarni
829803,2015,Chandigarh,2015-05-13,League,AR Patel,"Punjab Cricket Association Stadium, Mohali",PBKS,RCB,RCB,field,PBKS,runs,22.0,107.0,10.0,N,,JD Cloete,C Shamshuddin
829805,2015,Mumbai,2015-05-14,League,HH Pandya,Wankhede Stadium,MI,KKR,KKR,field,MI,runs,5.0,172.0,20.0,N,,RK Illingworth,VA Kulkarni
829807,2015,Hyderabad,2015-05-15,League,V Kohli,"Rajiv Gandhi International Stadium, Uppal",SRH,RCB,SRH,bat,RCB,wickets,6.0,81.0,6.0,N,D/L,AK Chaudhary,HDPK Dharmasena
829809,2015,Chandigarh,2015-05-16,League,P Negi,"Punjab Cricket Association Stadium, Mohali",PBKS,CSK,PBKS,bat,CSK,wickets,7.0,131.0,20.0,N,,CK Nandan,C Shamshuddin
829811,2015,Mumbai,2015-05-16,League,SR Watson,Brabourne Stadium,RR,KKR,RR,bat,RR,runs,9.0,200.0,20.0,N,,RM Deshpande,RK Illingworth
829813,2015,Bangalore,2015-05-17,League,,M Chinnaswamy Stadium,RCB,DC,RCB,field,,no result,,188.0,20.0,N,,HDPK Dharmasena,K Srinivasan
829815,2015,Hyderabad,2015-05-17,League,MJ McClenaghan,"Rajiv Gandhi International Stadium, Uppal",SRH,MI,SRH,bat,MI,wickets,9.0,114.0,20.0,N,,CB Gaffaney,K Srinath
829817,2015,Mumbai,2015-05-19,Qualifier 1,KA Pollard,Wankhede Stadium,CSK,MI,MI,bat,MI,runs,25.0,188.0,20.0,N,,HDPK Dharmasena,RK Illingworth
829819,2015,Pune,2015-05-20,Eliminator,AB de Villiers,Maharashtra Cricket Association Stadium,RCB,RR,RCB,bat,RCB,runs,71.0,181.0,20.0,N,,AK Chaudhary,C Shamshuddin
829821,2015,Ranchi,2015-05-22,Qualifier 2,A Nehra,JSCA International Stadium Complex,CSK,RCB,CSK,field,CSK,wickets,3.0,140.0,20.0,N,,AK Chaudhary,CB Gaffaney
829823,2015,Kolkata,2015-05-24,Final,RG Sharma,Eden Gardens,MI,CSK,CSK,field,MI,runs,41.0,203.0,20.0,N,,HDPK Dharmasena,RK Illingworth
980903,2016,Kolkata,2016-04-10,League,AD Russell,Eden Gardens,KKR,DC,KKR,field,KKR,wickets,9.0,99.0,20.0,N,,S Ravi,C Shamshuddin
980907,2016,Bangalore,2016-04-12,League,AB de Villiers,M Chinnaswamy Stadium,RCB,SRH,SRH,field,RCB,runs,45.0,228.0,20.0,N,,HDPK Dharmasena,VK Sharma
980909,2016,Kolkata,2016-04-13,League,RG Sharma,Eden Gardens,KKR,MI,MI,field,MI,wickets,6.0,188.0,20.0,N,,Nitin Menon,S Ravi
980913,2016,Delhi,2016-04-15,League,A Mishra,Feroz Shah Kotla,DC,PBKS,DC,field,DC,wickets,8.0,112.0,20.0,N,,S Ravi,C Shamshuddin
980915,2016,Hyderabad,2016-04-16,League,G Gambhir,"Rajiv Gandhi International Stadium, Uppal",SRH,KKR,SRH,bat,KKR,wickets,8.0,143.0,20.0,N,,AK Chaudhary,CK Nandan
980921,2016,Bangalore,2016-04-17,League,Q de Kock,M Chinnaswamy Stadium,RCB,DC,DC,field,DC,wickets,7.0,192.0,20.0,N,,VA Kulkarni,A Nand Kishore
980923,2016,Hyderabad,2016-04-18,League,DA Warner,"Rajiv Gandhi International Stadium, Uppal",SRH,MI,SRH,field,SRH,wickets,7.0,143.0,20.0,N,,HDPK Dharmasena,VK Sharma
980925,2016,Chandigarh,2016-04-19,League,RV Uthappa,"Punjab Cricket Association IS Bindra Stadium, Mohali",PBKS,KKR,KKR,field,KKR,wickets,6.0,139.0,20.0,N,,S Ravi,C Shamshuddin
980927,2016,Mumbai,2016-04-20,League,RG Sharma,Wankhede Stadium,MI,RCB,MI,field,MI,wickets,6.0,171.0,20.0,N,,AK Chaudhary,CK Nandan
980933,2016,Delhi,2016-04-23,League,SV Samson,Feroz Shah Kotla,DC,MI,MI,field,DC,runs,10.0,165.0,20.0,N,,S Ravi,C Shamshuddin
980935,2016,Hyderabad,2016-04-23,League,Mustafizur Rahman,"Rajiv Gandhi International Stadium, Uppal",SRH,PBKS,SRH,field,SRH,wickets,5.0,144.0,20.0,N,,AK Chaudhary,CK Nandan
980941,2016,Chandigarh,2016-04-25,League,PA Patel,"Punjab Cricket Association IS Bindra Stadium, Mohali",PBKS,MI,PBKS,field,MI,runs,25.0,190.0,20.0,N,,Nitin Menon,RJ Tucker
980947,2016,Mumbai,2016-04-28,League,RG Sharma,Wankhede Stadium,MI,KKR,MI,field,MI,wickets,6.0,175.0,20.0,N,,Nitin Menon,RJ Tucker
980951,2016,Delhi,2016-04-30,League,CR Brathwaite,Feroz Shah Kotla,DC,KKR,KKR,field,DC,runs,27.0,187.0,20.0,N,,KN Ananthapadmanabhan,M Erasmus
980953,2016,Hyderabad,2016-04-30,League,DA Warner,"Rajiv Gandhi International Stadium, Uppal",SRH,RCB,RCB,field,SRH,runs,15.0,195.0,20.0,N,,AK Chaudhary,HDPK Dharmasena
980959,2016,Bangalore,2016-05-02,League,AD Russell,M Chinnaswamy Stadium,RCB,KKR,KKR,field,KKR,wickets,5.0,186.0,20.0,N,,M Erasmus,S Ravi
980963,2016,Kolkata,2016-05-04,League,AD Russell,Eden Gardens,KKR,PBKS,PBKS,field,KKR,runs,7.0,165.0,20.0,N,,AK Chaudhary,HDPK Dharmasena
980971,2016,Chandigarh,2016-05-07,League,MP Stoinis,"Punjab Cricket Association IS Bindra Stadium, Mohali",PBKS,DC,DC,field,PBKS,runs,9.0,182.0,20.0,N,,HDPK Dharmasena,CK Nandan
980973,2016,Visakhapatnam,2016-05-08,League,A Nehra,Dr. Y.S. Rajasekhara Reddy ACA-VDCA Cricket Stadium,MI,SRH,MI,field,SRH,runs,85.0,178.0,20.0,N,,S Ravi,C Shamshuddin
980977,2016,Chandigarh,2016-05-09,League,SR Watson,"Punjab Cricket Association IS Bindra Stadium, Mohali",PBKS,RCB,PBKS,field,RCB,runs,1.0,176.0,20.0,N,,AK Chaudhary,HDPK Dharmasena
980981,2016,Bangalore,2016-05-11,League,KH Pandya,M Chinnaswamy Stadium,RCB,MI,MI,field,MI,wickets,6.0,152.0,20.0,N,,AY Dandekar,C Shamshuddin
980983,2016,Hyderabad,2016-05-12,League,CH Morris,"Rajiv Gandhi International Stadium, Uppal",SRH,DC,DC,field,DC,wickets,7.0,147.0,20.0,N,,K Bharatan,M Erasmus
980985,2016,Visakhapatnam,2016-05-13,League,MP Stoinis,Dr. Y.S. Rajasekhara Reddy ACA-VDCA Cricket Stadium,MI,PBKS,MI,bat,PBKS,wickets,7.0,125.0,20.0,N,,HDPK Dharmasena,CK Nandan
980991,2016,Chandigarh,2016-05-15,League,HM Amla,"Punjab Cricket Association IS Bindra Stadium, Mohali",PBKS,SRH,PBKS,bat,SRH,wickets,7.0,180.0,20.0,N,,KN Ananthapadmanabhan,M Erasmus
980993,2016,Visakhapatnam,2016-05-15,League,KH Pandya,Dr. Y.S. Rajasekhara Reddy ACA-VDCA Cricket Stadium,MI,DC,DC,field,MI,runs,80.0,207.0,20.0,N,,Nitin Menon,CK Nandan
980995,2016,Kolkata,2016-05-16,League,V Kohli,Eden Gardens,KKR,RCB,RCB,field,RCB,wickets,9.0,184.0,20.0,N,,CB Gaffaney,A Nand Kishore
980999,2016,Bangalore,2016-05-18,League,V Kohli,M Chinnaswamy Stadium,RCB,PBKS,PBKS,field,RCB,runs,82.0,203.0,14.0,N,D/L,KN Ananthapadmanabhan,M Erasmus
981003,2016,Raipur,2016-05-20,League,KK Nair,Shaheed Veer Narayan Singh International Stadium,DC,SRH,DC,field,DC,wickets,6.0,159.0,20.0,N,,A Nand Kishore,BNJ Oxenford
981009,2016,Kolkata,2016-05-22,League,YK Pathan,Eden Gardens,KKR,SRH,SRH,field,KKR,runs,22.0,172.0,20.0,N,,KN Ananthapadmanabhan,M Erasmus
981011,2016,Raipur,2016-05-22,League,V Kohli,Shaheed Veer Narayan Singh International Stadium,DC,RCB,RCB,field,RCB,wickets,6.0,139.0,20.0,N,,A Nand Kishore,BNJ Oxenford
981015,2016,Delhi,2016-05-25,Elimination Final,MC Henriques,Feroz Shah Kotla,SRH,KKR,KKR,field,SRH,runs,22.0,163.0,20.0,N,,M Erasmus,C Shamshuddin
981019,2016,Bangalore,2016-05-29,Final,BCJ Cutting,M Chinnaswamy Stadium,RCB,SRH,SRH,bat,SRH,runs,8.0,209.0,20.0,N,,HDPK Dharmasena,BNJ Oxenford
1082591,2017,Hyderabad,2017-04-05,League,Yuvraj Singh,"Rajiv Gandhi International Stadium, Uppal",SRH,RCB,RCB,field,SRH,runs,35.0,208.0,20.0,N,,AY Dandekar,NJ Llong
1082595,2017,Bengaluru,2017-04-08,League,KM Jadhav,M.Chinnaswamy Stadium,RCB,DC,RCB,bat,RCB,runs,15.0,158.0,20.0,N,,S Ravi,VK Sharma
1082597,2017,Mumbai,2017-04-09,League,N Rana,Wankhede Stadium,MI,KKR,MI,field,MI,wickets,4.0,179.0,20.0,N,,Nitin Menon,CK Nandan
1082598,2017,Indore,2017-04-10,League,AR Patel,Holkar Cricket Stadium,PBKS,RCB,RCB,bat,PBKS,wickets,8.0,149.0,20.0,N,,AK Chaudhary,C Shamshuddin
1082600,2017,Mumbai,2017-04-12,League,JJ Bumrah,Wankhede Stadium,MI,SRH,MI,field,MI,wickets,4.0,159.0,20.0,N,,Nitin Menon,CK Nandan
1082601,2017,Kolkata,2017-04-13,League,SP Narine,Eden Gardens,KKR,PBKS,KKR,field,KKR,wickets,8.0,171.0,20.0,N,,A Deshmukh,NJ Llong
1082602,2017,Bangalore,2017-04-14,League,KA Pollard,M Chinnaswamy Stadium,RCB,MI,MI,field,MI,wickets,4.0,143.0,20.0,N,,KN Ananthapadmanabhan,AK Chaudhary
1082604,2017,Kolkata,2017-04-15,League,RV Uthappa,Eden Gardens,KKR,SRH,SRH,field,KKR,runs,17.0,173.0,20.0,N,,AY Dandekar,NJ Llong
1082605,2017,Delhi,2017-04-15,League,CJ Anderson,Feroz Shah Kotla,DC,PBKS,DC,bat,DC,runs,51.0,189.0,20.0,N,,YC Barde,Nitin Menon
1082608,2017,Delhi,2017-04-17,League,NM Coulter-Nile,Feroz Shah Kotla,DC,KKR,DC,bat,KKR,wickets,4.0,169.0,20.0,N,,Nitin Menon,CK Nandan
1082609,2017,Hyderabad,2017-04-17,League,B Kumar,"Rajiv Gandhi International Stadium, Uppal",SRH,PBKS,PBKS,field,SRH,runs,5.0,160.0,20.0,N,,AY Dandekar,A Deshmukh
1082611,2017,Hyderabad,2017-04-19,League,KS Williamson,"Rajiv Gandhi International Stadium, Uppal",SRH,DC,SRH,bat,SRH,runs,15.0,192.0,20.0,N,,CB Gaffaney,NJ Llong
1082612,2017,Indore,2017-04-20,League,JC Buttler,Holkar Cricket Stadium,PBKS,MI,MI,field,MI,wickets,8.0,199.0,20.0,N,,M Erasmus,C Shamshuddin
1082614,2017,Mumbai,2017-04-22,League,MJ McClenaghan,Wankhede Stadium,MI,DC,DC,field,MI,runs,14.0,143.0,20.0,N,,A Nand Kishore,S Ravi
1082617,2017,Kolkata,2017-04-23,League,NM Coulter-Nile,Eden Gardens,KKR,RCB,RCB,field,KKR,runs,82.0,132.0,20.0,N,,CB Gaffaney,CK Nandan
1082622,2017,Kolkata,2017-04-28,League,G Gambhir,Eden Gardens,KKR,DC,KKR,field,KKR,wickets,7.0,161.0,20.0,N,,NJ Llong,S Ravi
1082623,2017,Chandigarh,2017-04-28,League,Rashid Khan,"Punjab Cricket Association IS Bindra Stadium, Mohali",PBKS,SRH,PBKS,field,SRH,runs,26.0,208.0,20.0,N,,Nitin Menon,CK Nandan
1082626,2017,Chandigarh,2017-04-30,League,Sandeep Sharma,"Punjab Cricket Association IS Bindra Stadium, Mohali",PBKS,DC,PBKS,field,PBKS,wickets,10.0,68.0,20.0,N,,YC Barde,CK Nandan
1082627,2017,Hyderabad,2017-04-30,League,DA Warner,"Rajiv Gandhi International Stadium, Uppal",SRH,KKR,KKR,field,SRH,runs,48.0,210.0,20.0,N,,AY Dandekar,S Ravi
1082628,2017,Mumbai,2017-05-01,League,RG Sharma,Wankhede Stadium,MI,RCB,RCB,bat,MI,wickets,5.0,163.0,20.0,N,,AK Chaudhary,CB Gaffaney
1082630,2017,Delhi,2017-05-02,League,Mohammed Shami,Feroz Shah Kotla,DC,SRH,DC,field,DC,wickets,6.0,186.0,20.0,N,,YC Barde,Nitin Menon
1082633,2017,Bangalore,2017-05-05,League,Sandeep Sharma,M Chinnaswamy Stadium,RCB,PBKS,RCB,field,PBKS,runs,19.0,139.0,20.0,N,,CB Gaffaney,C Shamshuddin
1082635,2017,Delhi,2017-05-06,League,LMP Simmons,Feroz Shah Kotla,DC,MI,DC,field,MI,runs,146.0,213.0,20.0,N,,Nitin Menon,CK Nandan
1082636,2017,Bangalore,2017-05-07,League,SP Narine,M Chinnaswamy Stadium,RCB,KKR,KKR,field,KKR,wickets,6.0,159.0,20.0,N,,AY Dandekar,C Shamshuddin
1082638,2017,Hyderabad,2017-05-08,League,S Dhawan,"Rajiv Gandhi International Stadium, Uppal",SRH,MI,MI,bat,SRH,wickets,7.0,139.0,20.0,N,,KN Ananthapadmanabhan,M Erasmus
1082639,2017,Chandigarh,2017-05-09,League,MM Sharma,"Punjab Cricket Association IS Bindra Stadium, Mohali",PBKS,KKR,KKR,field,PBKS,runs,14.0,168.0,20.0,N,,A Nand Kishore,S Ravi
1082641,2017,Mumbai,2017-05-11,League,WP Saha,Wankhede Stadium,MI,PBKS,MI,field,PBKS,runs,7.0,231.0,20.0,N,,A Deshmukh,A Nand Kishore
1082644,2017,Kolkata,2017-05-13,League,AT Rayudu,Eden Gardens,KKR,MI,KKR,field,MI,runs,9.0,174.0,20.0,N,,A Nand Kishore,S Ravi
1082646,2017,Delhi,2017-05-14,League,HV Patel,Feroz Shah Kotla,DC,RCB,RCB,bat,RCB,runs,10.0,162.0,20.0,N,,CK Nandan,C Shamshuddin
1082648,2017,Bangalore,2017-05-17,Eliminator,NM Coulter-Nile,M Chinnaswamy Stadium,SRH,KKR,KKR,field,KKR,wickets,7.0,48.0,6.0,N,D/L,AK Chaudhary,Nitin Menon
1082649,2017,Bangalore,2017-05-19,Qualifier 2,KV Sharma,M Chinnaswamy Stadium,MI,KKR,MI,field,MI,wickets,6.0,108.0,20.0,N,,NJ Llong,Nitin Menon
1136561,2018,Mumbai,2018-04-07,League,DJ Bravo,Wankhede Stadium,MI,CSK,CSK,field,CSK,wickets,1.0,166.0,20.0,N,,CB Gaffaney,A Nand Kishore
1136562,2018,Chandigarh,2018-04-08,League,KL Rahul,Punjab Cricket Association IS Bindra Stadium,DC,PBKS,PBKS,field,PBKS,wickets,6.0,167.0,20.0,N,,KN Ananthapadmanabhan,RJ Tucker
1136563,2018,Kolkata,2018-04-08,League,SP Narine,Eden Gardens,RCB,KKR,KKR,field,KKR,wickets,4.0,177.0,20.0,N,,A Deshmukh,C Shamshuddin
1136564,2018,Hyderabad,2018-04-09,League,S Dhawan,Rajiv Gandhi International Stadium,RR,SRH,SRH,field,SRH,wickets,9.0,126.0,20.0,N,,NJ Llong,VA Kulkarni
1136565,2018,Chennai,2018-04-10,League,SW Billings,MA Chidambaram Stadium,KKR,CSK,CSK,field,CSK,wickets,5.0,203.0,20.0,N,,AK Chaudhary,CB Gaffaney
1136566,2018,Jaipur,2018-04-11,League,SV Samson,Sawai Mansingh Stadium,RR,DC,DC,field,RR,runs,10.0,71.0,6.0,N,D/L,KN Ananthapadmanabhan,Nitin Menon
1136567,2018,Hyderabad,2018-04-12,League,Rashid Khan,Rajiv Gandhi International Stadium,MI,SRH,SRH,field,SRH,wickets,1.0,148.0,20.0,N,,CK Nandan,NJ Llong
1136568,2018,Bengaluru,2018-04-13,League,UT Yadav,M.Chinnaswamy Stadium,PBKS,RCB,RCB,field,RCB,wickets,4.0,156.0,20.0,N,,A Deshmukh,S Ravi
1136569,2018,Mumbai,2018-04-14,League,JJ Roy,Wankhede Stadium,MI,DC,DC,field,DC,wickets,7.0,195.0,20.0,N,,KN Ananthapadmanabhan,Nitin Menon
1136570,2018,Kolkata,2018-04-14,League,B Stanlake,Eden Gardens,KKR,SRH,SRH,field,SRH,wickets,5.0,139.0,20.0,N,,AK Chaudhary,A Nand Kishore
1136571,2018,Bengaluru,2018-04-15,League,SV Samson,M.Chinnaswamy Stadium,RR,RCB,RCB,field,RR,runs,19.0,218.0,20.0,N,,C Shamshuddin,S Ravi
1136572,2018,Chandigarh,2018-04-15,League,CH Gayle,Punjab Cricket Association IS Bindra Stadium,PBKS,CSK,CSK,field,PBKS,runs,4.0,198.0,20.0,N,,CK Nandan,VA Kulkarni
1136573,2018,Kolkata,2018-04-16,League,N Rana,Eden Gardens,KKR,DC,DC,field,KKR,runs,71.0,201.0,20.0,N,,AK Chaudhary,A Nand Kishore
1136574,2018,Mumbai,2018-04-17,League,RG Sharma,Wankhede Stadium,MI,RCB,RCB,field,MI,runs,46.0,214.0,20.0,N,,Nitin Menon,RJ Tucker
1136575,2018,Jaipur,2018-04-18,League,N Rana,Sawai Mansingh Stadium,RR,KKR,KKR,field,KKR,wickets,7.0,161.0,20.0,N,,A Deshmukh,S Ravi
1136576,2018,Chandigarh,2018-04-19,League,CH Gayle,Punjab Cricket Association IS Bindra Stadium,PBKS,SRH,PBKS,bat,PBKS,runs,15.0,194.0,20.0,N,,AK Chaudhary,NJ Llong
1136577,2018,Pune,2018-04-20,League,SR Watson,Maharashtra Cricket Association Stadium,CSK,RR,RR,field,CSK,runs,64.0,205.0,20.0,N,,KN Ananthapadmanabhan,Nitin Menon
1136578,2018,Kolkata,2018-04-21,League,KL Rahul,Eden Gardens,KKR,PBKS,PBKS,field,PBKS,wickets,9.0,125.0,13.0,N,D/L,A Deshmukh,C Shamshuddin
1136579,2018,Bengaluru,2018-04-21,League,AB de Villiers,M.Chinnaswamy Stadium,DC,RCB,RCB,field,RCB,wickets,6.0,175.0,20.0,N,,CB Gaffaney,CK Nandan
1136580,2018,Hyderabad,2018-04-22,League,AT Rayudu,Rajiv Gandhi International Stadium,CSK,SRH,SRH,field,CSK,runs,4.0,183.0,20.0,N,,AK Chaudhary,VA Kulkarni
1136581,2018,Jaipur,2018-04-22,League,JC Archer,Sawai Mansingh Stadium,MI,RR,MI,bat,RR,wickets,3.0,168.0,20.0,N,,KN Ananthapadmanabhan,RJ Tucker
1136582,2018,Delhi,2018-04-23,League,AS Rajpoot,Arun Jaitley Stadium,PBKS,DC,DC,field,PBKS,runs,4.0,144.0,20.0,N,,A Nand Kishore,CK Nandan
1136583,2018,Mumbai,2018-04-24,League,Rashid Khan,Wankhede Stadium,SRH,MI,MI,field,SRH,runs,31.0,119.0,20.0,N,,C Shamshuddin,S Ravi
1136584,2018,Bengaluru,2018-04-25,League,MS Dhoni,M.Chinnaswamy Stadium,RCB,CSK,CSK,field,CSK,wickets,5.0,206.0,20.0,N,,NJ Llong,VK Sharma
1136585,2018,Hyderabad,2018-04-26,League,AS Rajpoot,Rajiv Gandhi International Stadium,SRH,PBKS,PBKS,field,SRH,runs,13.0,133.0,20.0,N,,CK Nandan,YC Barde
1136586,2018,Delhi,2018-04-27,League,SS Iyer,Arun Jaitley Stadium,DC,KKR,KKR,field,DC,runs,55.0,220.0,20.0,N,,C Shamshuddin,S Ravi
1136587,2018,Pune,2018-04-28,League,RG Sharma,Maharashtra Cricket Association Stadium,CSK,MI,MI,field,MI,wickets,8.0,170.0,20.0,N,,CB Gaffaney,Nitin Menon
1136588,2018,Jaipur,2018-04-29,League,KS Williamson,Sawai Mansingh Stadium,SRH,RR,SRH,bat,SRH,runs,11.0,152.0,20.0,N,,BNJ Oxenford,A Nand Kishore
1136589,2018,Bengaluru,2018-04-29,League,CA Lynn,M.Chinnaswamy Stadium,RCB,KKR,KKR,field,KKR,wickets,6.0,176.0,20.0,N,,AK Chaudhary,NJ Llong
1136590,2018,Pune,2018-04-30,League,SR Watson,Maharashtra Cricket Association Stadium,CSK,DC,DC,field,CSK,runs,13.0,212.0,20.0,N,,AY Dandekar,C Shamshuddin
1136591,2018,Bengaluru,2018-05-01,League,TG Southee,M.Chinnaswamy Stadium,RCB,MI,MI,field,RCB,runs,14.0,168.0,20.0,N,,M Erasmus,Nitin Menon
1136592,2018,Delhi,2018-05-02,League,RR Pant,Arun Jaitley Stadium,DC,RR,RR,field,DC,runs,4.0,151.0,12.0,N,D/L,CK Nandan,VK Sharma
1136593,2018,Kolkata,2018-05-03,League,SP Narine,Eden Gardens,CSK,KKR,KKR,field,KKR,wickets,6.0,178.0,20.0,N,,A Deshmukh,HDPK Dharmasena
1136594,2018,Indore,2018-05-04,League,SA Yadav,Holkar Cricket Stadium,PBKS,MI,MI,field,MI,wickets,6.0,175.0,20.0,N,,AY Dandekar,S Ravi
1136595,2018,Pune,2018-05-05,League,RA Jadeja,Maharashtra Cricket Association Stadium,RCB,CSK,CSK,field,CSK,wickets,6.0,128.0,20.0,N,,Nitin Menon,YC Barde
1136596,2018,Hyderabad,2018-05-05,League,Rashid Khan,Rajiv Gandhi International Stadium,DC,SRH,DC,bat,SRH,wickets,7.0,164.0,20.0,N,,BNJ Oxenford,CK Nandan
1136597,2018,Mumbai,2018-05-06,League,HH Pandya,Wankhede Stadium,MI,KKR,KKR,field,MI,runs,13.0,182.0,20.0,N,,A Deshmukh,HDPK Dharmasena
1136598,2018,Indore,2018-05-06,League,Mujeeb Ur Rahman,Holkar Cricket Stadium,RR,PBKS,PBKS,field,PBKS,wickets,6.0,153.0,20.0,N,,C Shamshuddin,S Ravi
1136599,2018,Hyderabad,2018-05-07,League,KS Williamson,Rajiv Gandhi International Stadium,SRH,RCB,RCB,field,SRH,runs,5.0,147.0,20.0,N,,BNJ Oxenford,VK Sharma
1136600,2018,Jaipur,2018-05-08,League,JC Buttler,Sawai Mansingh Stadium,RR,PBKS,RR,bat,RR,runs,15.0,159.0,20.0,N,,M Erasmus,Nitin Menon
1136601,2018,Kolkata,2018-05-09,League,Ishan Kishan,Eden Gardens,MI,KKR,KKR,field,MI,runs,102.0,211.0,20.0,N,,KN Ananthapadmanabhan,AK Chaudhary
1136602,2018,Delhi,2018-05-10,League,S Dhawan,Arun Jaitley Stadium,DC,SRH,DC,bat,SRH,wickets,9.0,188.0,20.0,N,,AY Dandekar,C Shamshuddin
1136603,2018,Jaipur,2018-05-11,League,JC Buttler,Sawai Mansingh Stadium,CSK,RR,CSK,bat,RR,wickets,4.0,177.0,20.0,N,,M Erasmus,YC Barde
1136604,2018,Indore,2018-05-12,League,SP Narine,Holkar Cricket Stadium,KKR,PBKS,PBKS,field,KKR,runs,31.0,246.0,20.0,N,,CK Nandan,VK Sharma
1136605,2018,Delhi,2018-05-12,League,AB de Villiers,Arun Jaitley Stadium,DC,RCB,RCB,field,RCB,wickets,5.0,182.0,20.0,N,,KN Ananthapadmanabhan,HDPK Dharmasena
1136606,2018,Pune,2018-05-13,League,AT Rayudu,Maharashtra Cricket Association Stadium,SRH,CSK,CSK,field,CSK,wickets,8.0,180.0,20.0,N,,M Erasmus,YC Barde
1136607,2018,Mumbai,2018-05-13,League,JC Buttler,Wankhede Stadium,MI,RR,RR,field,RR,wickets,7.0,169.0,20.0,N,,Nitin Menon,S Ravi
1136608,2018,Indore,2018-05-14,League,UT Yadav,Holkar Cricket Stadium,PBKS,RCB,RCB,field,RCB,wickets,10.0,89.0,20.0,N,,BNJ Oxenford,VK Sharma
1136609,2018,Kolkata,2018-05-15,League,Kuldeep Yadav,Eden Gardens,RR,KKR,KKR,field,KKR,wickets,6.0,143.0,20.0,N,,AK Chaudhary,HDPK Dharmasena
1136610,2018,Mumbai,2018-05-16,League,JJ Bumrah,Wankhede Stadium,MI,PBKS,PBKS,field,MI,runs,3.0,187.0,20.0,N,,M Erasmus,Nitin Menon
1136611,2018,Bengaluru,2018-05-17,League,AB de Villiers,M.Chinnaswamy Stadium,RCB,SRH,SRH,field,RCB,runs,14.0,219.0,20.0,N,,AY Dandekar,S Ravi
1136612,2018,Delhi,2018-05-18,League,HV Patel,Arun Jaitley Stadium,DC,CSK,CSK,field,DC,runs,34.0,163.0,20.0,N,,HDPK Dharmasena,VA Kulkarni
1136613,2018,Jaipur,2018-05-19,League,S Gopal,Sawai Mansingh Stadium,RR,RCB,RR,bat,RR,runs,30.0,165.0,20.0,N,,BNJ Oxenford,VK Sharma
1136614,2018,Hyderabad,2018-05-19,League,CA Lynn,Rajiv Gandhi International Stadium,SRH,KKR,SRH,bat,KKR,wickets,5.0,173.0,20.0,N,,AK Chaudhary,S Ravi
1136615,2018,Delhi,2018-05-20,League,A Mishra,Arun Jaitley Stadium,DC,MI,DC,bat,DC,runs,11.0,175.0,20.0,N,,HDPK Dharmasena,CK Nandan
1136616,2018,Pune,2018-05-20,League,L Ngidi,Maharashtra Cricket Association Stadium,PBKS,CSK,CSK,field,CSK,wickets,5.0,154.0,20.0,N,,Nitin Menon,YC Barde
1136617,2018,Mumbai,2018-05-22,Qualifier 1,F du Plessis,Wankhede Stadium,SRH,CSK,CSK,field,CSK,wickets,2.0,140.0,20.0,N,,C Shamshuddin,M Erasmus
1136618,2018,Kolkata,2018-05-23,Eliminator,AD Russell,Eden Gardens,KKR,RR,RR,field,KKR,runs,25.0,170.0,20.0,N,,AK Chaudhary,Nitin Menon
1136619,2018,Kolkata,2018-05-25,Qualifier 2,Rashid Khan,Eden Gardens,SRH,KKR,KKR,field,SRH,runs,14.0,175.0,20.0,N,,HDPK Dharmasena,Nitin Menon
1136620,2018,Mumbai,2018-05-27,Final,SR Watson,Wankhede Stadium,SRH,CSK,CSK,field,CSK,wickets,8.0,179.0,20.0,N,,M Erasmus,S Ravi
1175356,2019,Chennai,2019-03-23,League,Harbhajan Singh,MA Chidambaram Stadium,RCB,CSK,CSK,field,CSK,wickets,7.0,71.0,20.0,N,,AY Dandekar,BNJ Oxenford
1175357,2019,Kolkata,2019-03-24,League,AD Russell,Eden Gardens,SRH,KKR,KKR,field,KKR,wickets,6.0,182.0,20.0,N,,AK Chaudhary,CB Gaffaney
1175358,2019,Mumbai,2019-03-24,League,RR Pant,Wankhede Stadium,DC,MI,MI,field,DC,runs,37.0,214.0,20.0,N,,S Ravi,YC Barde
1175359,2019,Jaipur,2019-03-25,League,CH Gayle,Sawai Mansingh Stadium,PBKS,RR,RR,field,PBKS,runs,14.0,185.0,20.0,N,,C Shamshuddin,KN Ananthapadmanabhan
1175360,2019,Delhi,2019-03-26,League,SR Watson,Arun Jaitley Stadium,DC,CSK,DC,bat,CSK,wickets,6.0,148.0,20.0,N,,M Erasmus,Nitin Menon
1175361,2019,Kolkata,2019-03-27,League,AD Russell,Eden Gardens,KKR,PBKS,PBKS,field,KKR,runs,28.0,219.0,20.0,N,,AK Chaudhary,VA Kulkarni
1175362,2019,Bengaluru,2019-03-28,League,JJ Bumrah,M.Chinnaswamy Stadium,MI,RCB,RCB,field,MI,runs,6.0,188.0,20.0,N,,CK Nandan,S Ravi
1175363,2019,Hyderabad,2019-03-29,League,Rashid Khan,Rajiv Gandhi International Stadium,RR,SRH,RR,bat,SRH,wickets,5.0,199.0,20.0,N,,BNJ Oxenford,C Shamshuddin
1175364,2019,Chandigarh,2019-03-30,League,MA Agarwal,Punjab Cricket Association IS Bindra Stadium,MI,PBKS,PBKS,field,PBKS,wickets,8.0,177.0,20.0,N,,CB Gaffaney,VA Kulkarni
1175365,2019,Delhi,2019-03-30,League,PP Shaw,Arun Jaitley Stadium,KKR,DC,DC,field,DC,tie,,186.0,20.0,Y,,AY Dandekar,Nitin Menon
1175366,2019,Hyderabad,2019-03-31,League,JM Bairstow,Rajiv Gandhi International Stadium,SRH,RCB,RCB,field,SRH,runs,118.0,232.0,20.0,N,,KN Ananthapadmanabhan,S Ravi
1175367,2019,Chennai,2019-03-31,League,MS Dhoni,MA Chidambaram Stadium,CSK,RR,RR,field,CSK,runs,8.0,176.0,20.0,N,,CK Nandan,YC Barde
1175368,2019,Chandigarh,2019-04-01,League,SM Curran,Punjab Cricket Association IS Bindra Stadium,PBKS,DC,DC,field,PBKS,runs,14.0,167.0,20.0,N,,AK Chaudhary,CB Gaffaney
1175369,2019,Jaipur,2019-04-02,League,S Gopal,Sawai Mansingh Stadium,RCB,RR,RR,field,RR,wickets,7.0,159.0,20.0,N,,AY Dandekar,M Erasmus
1175370,2019,Mumbai,2019-04-03,League,HH Pandya,Wankhede Stadium,MI,CSK,CSK,field,MI,runs,37.0,171.0,20.0,N,,BNJ Oxenford,RJ Tucker
1175371,2019,Delhi,2019-04-04,League,JM Bairstow,Arun Jaitley Stadium,DC,SRH,SRH,field,SRH,wickets,5.0,130.0,20.0,N,,C Shamshuddin,KN Ananthapadmanabhan
1175372,2019,Bengaluru,2019-04-05,League,AD Russell,M.Chinnaswamy Stadium,RCB,KKR,KKR,field,KKR,wickets,5.0,206.0,20.0,N,,AK Chaudhary,CB Gaffaney
1178393,2019,Chennai,2019-04-06,League,Harbhajan Singh,MA Chidambaram Stadium,CSK,PBKS,CSK,bat,CSK,runs,22.0,161.0,20.0,N,,KN Ananthapadmanabhan,RJ Tucker
1178394,2019,Hyderabad,2019-04-06,League,AS Joseph,Rajiv Gandhi International Stadium,MI,SRH,SRH,field,MI,runs,40.0,137.0,20.0,N,,AY Dandekar,Nitin Menon
1178395,2019,Bengaluru,2019-04-07,League,K Rabada,M.Chinnaswamy Stadium,RCB,DC,DC,field,DC,wickets,4.0,150.0,20.0,N,,S Ravi,YC Barde
1178396,2019,Jaipur,2019-04-07,League,HF Gurney,Sawai Mansingh Stadium,RR,KKR,KKR,field,KKR,wickets,8.0,140.0,20.0,N,,AK Chaudhary,CB Gaffaney
1178397,2019,Chandigarh,2019-04-08,League,KL Rahul,Punjab Cricket Association IS Bindra Stadium,SRH,PBKS,PBKS,field,PBKS,wickets,6.0,151.0,20.0,N,,AY Dandekar,M Erasmus
1178398,2019,Chennai,2019-04-09,League,DL Chahar,MA Chidambaram Stadium,KKR,CSK,CSK,field,CSK,wickets,7.0,109.0,20.0,N,,C Shamshuddin,RJ Tucker
1178399,2019,Mumbai,2019-04-10,League,KA Pollard,Wankhede Stadium,PBKS,MI,MI,field,MI,wickets,3.0,198.0,20.0,N,,S Ravi,YC Barde
1178400,2019,Jaipur,2019-04-11,League,MS Dhoni,Sawai Mansingh Stadium,RR,CSK,CSK,field,CSK,wickets,4.0,152.0,20.0,N,,BNJ Oxenford,UV Gandhe
1178401,2019,Kolkata,2019-04-12,League,S Dhawan,Eden Gardens,KKR,DC,DC,field,DC,wickets,7.0,179.0,20.0,N,,CK Nandan,YC Barde
1178402,2019,Mumbai,2019-04-13,League,JC Buttler,Wankhede Stadium,MI,RR,RR,field,RR,wickets,4.0,188.0,20.0,N,,A Nand Kishore,Nitin Menon
1178403,2019,Chandigarh,2019-04-13,League,AB de Villiers,Punjab Cricket Association IS Bindra Stadium,PBKS,RCB,RCB,field,RCB,wickets,8.0,174.0,20.0,N,,S Ravi,UV Gandhe
1178404,2019,Kolkata,2019-04-14,League,Imran Tahir,Eden Gardens,KKR,CSK,CSK,field,CSK,wickets,5.0,162.0,20.0,N,,CK Nandan,RJ Tucker
1178405,2019,Hyderabad,2019-04-14,League,KMA Paul,Rajiv Gandhi International Stadium,DC,SRH,SRH,field,DC,runs,39.0,156.0,20.0,N,,AK Chaudhary,BNJ Oxenford
1178406,2019,Mumbai,2019-04-15,League,SL Malinga,Wankhede Stadium,RCB,MI,MI,field,MI,wickets,5.0,172.0,20.0,N,,M Erasmus,Nitin Menon
1178407,2019,Chandigarh,2019-04-16,League,R Ashwin,Punjab Cricket Association IS Bindra Stadium,PBKS,RR,RR,field,PBKS,runs,12.0,183.0,20.0,N,,AK Chaudhary,VA Kulkarni
1178408,2019,Hyderabad,2019-04-17,League,DA Warner,Rajiv Gandhi International Stadium,CSK,SRH,CSK,bat,SRH,wickets,6.0,133.0,20.0,N,,IJ Gould,UV Gandhe
1178409,2019,Delhi,2019-04-18,League,HH Pandya,Arun Jaitley Stadium,MI,DC,MI,bat,MI,runs,40.0,169.0,20.0,N,,BNJ Oxenford,NJ Llong
1178410,2019,Kolkata,2019-04-19,League,V Kohli,Eden Gardens,RCB,KKR,KKR,field,RCB,runs,10.0,214.0,20.0,N,,IJ Gould,Nitin Menon
1178411,2019,Jaipur,2019-04-20,League,SPD Smith,Sawai Mansingh Stadium,MI,RR,RR,field,RR,wickets,5.0,162.0,20.0,N,,S Ravi,YC Barde
1178412,2019,Delhi,2019-04-20,League,SS Iyer,Arun Jaitley Stadium,PBKS,DC,DC,field,DC,wickets,5.0,164.0,20.0,N,,C Shamshuddin,UV Gandhe
1178413,2019,Hyderabad,2019-04-21,League,KK Ahmed,Rajiv Gandhi International Stadium,KKR,SRH,SRH,field,SRH,wickets,9.0,160.0,20.0,N,,NJ Llong,Nitin Menon
1178414,2019,Bengaluru,2019-04-21,League,PA Patel,M.Chinnaswamy Stadium,RCB,CSK,CSK,field,RCB,runs,1.0,162.0,20.0,N,,RJ Tucker,VA Kulkarni
1178415,2019,Jaipur,2019-04-22,League,RR Pant,Sawai Mansingh Stadium,RR,DC,DC,field,DC,wickets,6.0,192.0,20.0,N,,A Nand Kishore,S Ravi
1178416,2019,Chennai,2019-04-23,League,SR Watson,MA Chidambaram Stadium,SRH,CSK,CSK,field,CSK,wickets,6.0,176.0,20.0,N,,AK Chaudhary,NJ Llong
1178417,2019,Bengaluru,2019-04-24,League,AB de Villiers,M.Chinnaswamy Stadium,RCB,PBKS,PBKS,field,RCB,runs,17.0,203.0,20.0,N,,BNJ Oxenford,C Shamshuddin
1178418,2019,Kolkata,2019-04-25,League,VR Aaron,Eden Gardens,KKR,RR,RR,field,RR,wickets,3.0,176.0,20.0,N,,AY Dandekar,IJ Gould
1178419,2019,Chennai,2019-04-26,League,RG Sharma,MA Chidambaram Stadium,MI,CSK,CSK,field,MI,runs,46.0,156.0,20.0,N,,AK Chaudhary,NJ Llong
1178420,2019,Jaipur,2019-04-27,League,JD Unadkat,Sawai Mansingh Stadium,SRH,RR,RR,field,RR,wickets,7.0,161.0,20.0,N,,A Nand Kishore,YC Barde
1178421,2019,Delhi,2019-04-28,League,S Dhawan,Arun Jaitley Stadium,DC,RCB,DC,bat,DC,runs,16.0,188.0,20.0,N,,BNJ Oxenford,KN Ananthapadmanabhan
1178422,2019,Kolkata,2019-04-28,League,AD Russell,Eden Gardens,KKR,MI,MI,field,KKR,runs,34.0,233.0,20.0,N,,IJ Gould,Nitin Menon
1178423,2019,Hyderabad,2019-04-29,League,DA Warner,Rajiv Gandhi International Stadium,SRH,PBKS,PBKS,field,SRH,runs,45.0,213.0,20.0,N,,CK Nandan,S Ravi
1178424,2019,Bengaluru,2019-04-30,League,,M.Chinnaswamy Stadium,RCB,RR,RR,field,,no result,,63.0,5.0,N,,NJ Llong,UV Gandhe
1178425,2019,Chennai,2019-05-01,League,MS Dhoni,MA Chidambaram Stadium,CSK,DC,DC,field,CSK,runs,80.0,180.0,20.0,N,,AY Dandekar,Nitin Menon
1178426,2019,Mumbai,2019-05-02,League,JJ Bumrah,Wankhede Stadium,MI,SRH,MI,bat,MI,tie,,163.0,20.0,Y,,CK Nandan,S Ravi
1178427,2019,Chandigarh,2019-05-03,League,Shubman Gill,Punjab Cricket Association IS Bindra Stadium,PBKS,KKR,KKR,field,KKR,wickets,7.0,184.0,20.0,N,,BNJ Oxenford,C Shamshuddin
1178428,2019,Delhi,2019-05-04,League,A Mishra,Arun Jaitley Stadium,RR,DC,RR,bat,DC,wickets,5.0,116.0,20.0,N,,AY Dandekar,IJ Gould
1178429,2019,Bengaluru,2019-05-04,League,SO Hetmyer,M.Chinnaswamy Stadium,SRH,RCB,RCB,field,RCB,wickets,4.0,176.0,20.0,N,,AK Chaudhary,NJ Llong
1178430,2019,Chandigarh,2019-05-05,League,KL Rahul,Punjab Cricket Association IS Bindra Stadium,CSK,PBKS,PBKS,field,PBKS,wickets,6.0,171.0,20.0,N,,C Shamshuddin,KN Ananthapadmanabhan
1178431,2019,Mumbai,2019-05-05,League,HH Pandya,Wankhede Stadium,KKR,MI,MI,field,MI,wickets,9.0,134.0,20.0,N,,A Nand Kishore,CK Nandan
1181764,2019,Chennai,2019-05-07,Qualifier 1,SA Yadav,MA Chidambaram Stadium,CSK,MI,CSK,bat,MI,wickets,6.0,132.0,20.0,N,,NJ Llong,Nitin Menon
1181766,2019,Visakhapatnam,2019-05-08,Eliminator,RR Pant,Dr. Y.S. Rajasekhara Reddy ACA-VDCA Cricket Stadium,SRH,DC,DC,field,DC,wickets,2.0,163.0,20.0,N,,BNJ Oxenford,S Ravi
1181767,2019,Visakhapatnam,2019-05-10,Qualifier 2,F du Plessis,Dr. Y.S. Rajasekhara Reddy ACA-VDCA Cricket Stadium,DC,CSK,CSK,field,CSK,wickets,6.0,148.0,20.0,N,,BNJ Oxenford,S Ravi
1181768,2019,Hyderabad,2019-05-12,Final,JJ Bumrah,Rajiv Gandhi International Stadium,MI,CSK,MI,bat,MI,runs,1.0,150.0,20.0,N,,IJ Gould,Nitin Menon
1216492,2020/21,Abu Dhabi,2020-09-19,League,AT Rayudu,Sheikh Zayed Stadium,MI,CSK,CSK,field,CSK,wickets,5.0,163.0,20.0,N,,CB Gaffaney,VK Sharma
1216493,2020/21,,2020-09-20,League,MP Stoinis,Dubai International Cricket Stadium,DC,PBKS,PBKS,field,DC,tie,,158.0,20.0,Y,,AK Chaudhary,Nitin Menon
1216534,2020/21,,2020-09-21,League,YS Chahal,Dubai International Cricket Stadium,RCB,SRH,SRH,field,RCB,runs,10.0,164.0,20.0,N,,AY Dandekar,Nitin Menon
1216496,2020/21,,2020-09-22,League,SV Samson,Sharjah Cricket Stadium,RR,CSK,CSK,field,RR,runs,16.0,217.0,20.0,N,,C Shamshuddin,VA Kulkarni
1216508,2020/21,Abu Dhabi,2020-09-23,League,RG Sharma,Sheikh Zayed Stadium,MI,KKR,KKR,field,MI,runs,49.0,196.0,20.0,N,,CB Gaffaney,S Ravi
1216510,2020/21,,2020-09-24,League,KL Rahul,Dubai International Cricket Stadium,PBKS,RCB,RCB,field,PBKS,runs,97.0,207.0,20.0,N,,AK Chaudhary,PR Reiffel
1216539,2020/21,,2020-09-25,League,PP Shaw,Dubai International Cricket Stadium,DC,CSK,CSK,field,DC,runs,44.0,176.0,20.0,N,,KN Ananthapadmanabhan,RK Illingworth
1216545,2020/21,Abu Dhabi,2020-09-26,League,Shubman Gill,Sheikh Zayed Stadium,SRH,KKR,SRH,bat,KKR,wickets,7.0,143.0,20.0,N,,CB Gaffaney,VK Sharma
1216527,2020/21,,2020-09-27,League,SV Samson,Sharjah Cricket Stadium,PBKS,RR,RR,field,RR,wickets,4.0,224.0,20.0,N,,RK Illingworth,K Srinivasan
1216547,2020/21,,2020-09-28,League,AB de Villiers,Dubai International Cricket Stadium,RCB,MI,MI,field,RCB,tie,,202.0,20.0,Y,,Nitin Menon,PR Reiffel
1216532,2020/21,Abu Dhabi,2020-09-29,League,Rashid Khan,Sheikh Zayed Stadium,SRH,DC,DC,field,SRH,runs,15.0,163.0,20.0,N,,VK Sharma,S Ravi
1216504,2020/21,,2020-09-30,League,Shivam Mavi,Dubai International Cricket Stadium,KKR,RR,RR,field,KKR,runs,37.0,175.0,20.0,N,,KN Ananthapadmanabhan,C Shamshuddin
1216503,2020/21,Abu Dhabi,2020-10-01,League,KA Pollard,Sheikh Zayed Stadium,MI,PBKS,PBKS,field,MI,runs,48.0,192.0,20.0,N,,VK Sharma,S Ravi
1216516,2020/21,,2020-10-02,League,PK Garg,Dubai International Cricket Stadium,SRH,CSK,SRH,bat,SRH,runs,7.0,165.0,20.0,N,,AK Chaudhary,PR Reiffel
1216514,2020/21,Abu Dhabi,2020-10-03,League,YS Chahal,Sheikh Zayed Stadium,RR,RCB,RR,bat,RCB,wickets,8.0,155.0,20.0,N,,CB Gaffaney,S Ravi
1216515,2020/21,,2020-10-03,League,SS Iyer,Sharjah Cricket Stadium,DC,KKR,KKR,field,DC,runs,18.0,229.0,20.0,N,,VA Kulkarni,RK Illingworth
1216513,2020/21,,2020-10-04,League,SR Watson,Dubai International Cricket Stadium,PBKS,CSK,PBKS,bat,CSK,wickets,10.0,179.0,20.0,N,,AY Dandekar,Nitin Menon
1216538,2020/21,,2020-10-04,League,TA Boult,Sharjah Cricket Stadium,MI,SRH,MI,bat,MI,runs,34.0,209.0,20.0,N,,KN Ananthapadmanabhan,RK Illingworth
1216519,2020/21,,2020-10-05,League,AR Patel,Dubai International Cricket Stadium,DC,RCB,RCB,field,DC,runs,59.0,197.0,20.0,N,,Nitin Menon,YC Barde
1216511,2020/21,Abu Dhabi,2020-10-06,League,SA Yadav,Sheikh Zayed Stadium,MI,RR,MI,bat,MI,runs,57.0,194.0,20.0,N,,VK Sharma,S Ravi
1216501,2020/21,Abu Dhabi,2020-10-07,League,RA Tripathi,Sheikh Zayed Stadium,KKR,CSK,KKR,bat,KKR,runs,10.0,168.0,20.0,N,,KN Ananthapadmanabhan,RK Illingworth
1216542,2020/21,,2020-10-08,League,JM Bairstow,Dubai International Cricket Stadium,SRH,PBKS,SRH,bat,SRH,runs,69.0,202.0,20.0,N,,AK Chaudhary,Nitin Menon
1216500,2020/21,,2020-10-09,League,R Ashwin,Sharjah Cricket Stadium,DC,RR,RR,field,DC,runs,46.0,185.0,20.0,N,,KN Ananthapadmanabhan,C Shamshuddin
1216523,2020/21,Abu Dhabi,2020-10-10,League,KD Karthik,Sheikh Zayed Stadium,KKR,PBKS,KKR,bat,KKR,runs,2.0,165.0,20.0,N,,UV Gandhe,CB Gaffaney
1216525,2020/21,,2020-10-10,League,V Kohli,Dubai International Cricket Stadium,RCB,CSK,RCB,bat,RCB,runs,37.0,170.0,20.0,N,,AK Chaudhary,PR Reiffel
1216507,2020/21,,2020-10-11,League,R Tewatia,Dubai International Cricket Stadium,SRH,RR,SRH,bat,RR,wickets,5.0,159.0,20.0,N,,YC Barde,PR Reiffel
1216529,2020/21,Abu Dhabi,2020-10-11,League,Q de Kock,Sheikh Zayed Stadium,DC,MI,DC,bat,MI,wickets,5.0,163.0,20.0,N,,CB Gaffaney,S Ravi
1216540,2020/21,,2020-10-12,League,AB de Villiers,Sharjah Cricket Stadium,RCB,KKR,RCB,bat,RCB,runs,82.0,195.0,20.0,N,,RK Illingworth,K Srinivasan
1216528,2020/21,,2020-10-13,League,RA Jadeja,Dubai International Cricket Stadium,CSK,SRH,CSK,bat,CSK,runs,20.0,168.0,20.0,N,,AK Chaudhary,PR Reiffel
1216543,2020/21,,2020-10-14,League,A Nortje,Dubai International Cricket Stadium,DC,RR,DC,bat,DC,runs,13.0,162.0,20.0,N,,AK Chaudhary,Nitin Menon
1216531,2020/21,,2020-10-15,League,KL Rahul,Sharjah Cricket Stadium,RCB,PBKS,RCB,bat,PBKS,wickets,8.0,172.0,20.0,N,,KN Ananthapadmanabhan,C Shamshuddin
1216526,2020/21,Abu Dhabi,2020-10-16,League,Q de Kock,Sheikh Zayed Stadium,KKR,MI,KKR,bat,MI,wickets,8.0,149.0,20.0,N,,CB Gaffaney,VK Sharma
1216509,2020/21,,2020-10-17,League,S Dhawan,Sharjah Cricket Stadium,CSK,DC,CSK,bat,DC,wickets,5.0,180.0,20.0,N,,KN Ananthapadmanabhan,RK Illingworth
1216522,2020/21,,2020-10-17,League,AB de Villiers,Dubai International Cricket Stadium,RR,RCB,RR,bat,RCB,wickets,7.0,178.0,20.0,N,,AK Chaudhary,Nitin Menon
1216512,2020/21,Abu Dhabi,2020-10-18,League,LH Ferguson,Sheikh Zayed Stadium,KKR,SRH,SRH,field,KKR,tie,,164.0,20.0,Y,,PG Pathak,S Ravi
1216517,2020/21,,2020-10-18,League,KL Rahul,Dubai International Cricket Stadium,MI,PBKS,MI,bat,PBKS,tie,,177.0,20.0,Y,,Nitin Menon,PR Reiffel
1216533,2020/21,Abu Dhabi,2020-10-19,League,JC Buttler,Sheikh Zayed Stadium,CSK,RR,CSK,bat,RR,wickets,7.0,126.0,20.0,N,,CB Gaffaney,VK Sharma
1216546,2020/21,,2020-10-20,League,S Dhawan,Dubai International Cricket Stadium,DC,PBKS,DC,bat,PBKS,wickets,5.0,165.0,20.0,N,,C Shamshuddin,RK Illingworth
1216494,2020/21,Abu Dhabi,2020-10-21,League,Mohammed Siraj,Sheikh Zayed Stadium,KKR,RCB,KKR,bat,RCB,wickets,8.0,85.0,20.0,N,,VK Sharma,S Ravi
1216518,2020/21,,2020-10-22,League,MK Pandey,Dubai International Cricket Stadium,RR,SRH,SRH,field,SRH,wickets,8.0,155.0,20.0,N,,Nitin Menon,PR Reiffel
1216521,2020/21,,2020-10-23,League,TA Boult,Sharjah Cricket Stadium,CSK,MI,MI,field,MI,wickets,10.0,115.0,20.0,N,,C Shamshuddin,VA Kulkarni
1216497,2020/21,Abu Dhabi,2020-10-24,League,CV Varun,Sheikh Zayed Stadium,KKR,DC,DC,field,KKR,runs,59.0,195.0,20.0,N,,CB Gaffaney,PG Pathak
1216498,2020/21,,2020-10-24,League,CJ Jordan,Dubai International Cricket Stadium,PBKS,SRH,SRH,field,PBKS,runs,12.0,127.0,20.0,N,,AY Dandekar,PR Reiffel
1216541,2020/21,Abu Dhabi,2020-10-25,League,BA Stokes,Sheikh Zayed Stadium,MI,RR,MI,bat,RR,wickets,8.0,196.0,20.0,N,,UV Gandhe,VK Sharma
1216544,2020/21,,2020-10-25,League,RD Gaikwad,Dubai International Cricket Stadium,RCB,CSK,RCB,bat,CSK,wickets,8.0,146.0,20.0,N,,C Shamshuddin,RK Illingworth
1216520,2020/21,,2020-10-26,League,CH Gayle,Sharjah Cricket Stadium,KKR,PBKS,PBKS,field,PBKS,wickets,8.0,150.0,20.0,N,,KN Ananthapadmanabhan,RK Illingworth
1216524,2020/21,,2020-10-27,League,WP Saha,Dubai International Cricket Stadium,SRH,DC,DC,field,SRH,runs,88.0,220.0,20.0,N,,AK Chaudhary,Nitin Menon
1216499,2020/21,Abu Dhabi,2020-10-28,League,SA Yadav,Sheikh Zayed Stadium,RCB,MI,MI,field,MI,wickets,5.0,165.0,20.0,N,,UV Gandhe,CB Gaffaney
1216536,2020/21,,2020-10-29,League,RD Gaikwad,Dubai International Cricket Stadium,KKR,CSK,CSK,field,CSK,wickets,6.0,173.0,20.0,N,,C Shamshuddin,RK Illingworth
1216537,2020/21,Abu Dhabi,2020-10-30,League,BA Stokes,Sheikh Zayed Stadium,PBKS,RR,RR,field,RR,wickets,7.0,186.0,20.0,N,,CB Gaffaney,S Ravi
1216502,2020/21,,2020-10-31,League,Sandeep Sharma,Sharjah Cricket Stadium,RCB,SRH,SRH,field,SRH,wickets,5.0,121.0,20.0,N,,KN Ananthapadmanabhan,K Srinivasan
1216535,2020/21,,2020-10-31,League,Ishan Kishan,Dubai International Cricket Stadium,DC,MI,MI,field,MI,wickets,9.0,111.0,20.0,N,,YC Barde,PR Reiffel
1216506,2020/21,Abu Dhabi,2020-11-01,League,RD Gaikwad,Sheikh Zayed Stadium,PBKS,CSK,CSK,field,CSK,wickets,9.0,154.0,20.0,N,,PG Pathak,VK Sharma
1216530,2020/21,,2020-11-01,League,PJ Cummins,Dubai International Cricket Stadium,KKR,RR,RR,field,KKR,runs,60.0,192.0,20.0,N,,Nitin Menon,PR Reiffel
1216505,2020/21,Abu Dhabi,2020-11-02,League,A Nortje,Sheikh Zayed Stadium,RCB,DC,DC,field,DC,wickets,6.0,153.0,20.0,N,,CB Gaffaney,S Ravi
1216495,2020/21,,2020-11-03,League,S Nadeem,Sharjah Cricket Stadium,MI,SRH,SRH,field,SRH,wickets,10.0,150.0,20.0,N,,C Shamshuddin,RK Illingworth
1237177,2020/21,,2020-11-05,Qualifier 1,JJ Bumrah,Dubai International Cricket Stadium,MI,DC,DC,field,MI,runs,57.0,201.0,20.0,N,,CB Gaffaney,Nitin Menon
1237178,2020/21,Abu Dhabi,2020-11-06,Eliminator,KS Williamson,Sheikh Zayed Stadium,RCB,SRH,SRH,field,SRH,wickets,6.0,132.0,20.0,N,,PR Reiffel,S Ravi
1237180,2020/21,Abu Dhabi,2020-11-08,Qualifier 2,MP Stoinis,Sheikh Zayed Stadium,DC,SRH,DC,bat,DC,runs,17.0,190.0,20.0,N,,PR Reiffel,S Ravi
1237181,2020/21,,2020-11-10,Final,TA Boult,Dubai International Cricket Stadium,DC,MI,DC,bat,MI,wickets,5.0,157.0,20.0,N,,CB Gaffaney,Nitin Menon
1254058,2021,Chennai,2021-04-09,League,HV Patel,"MA Chidambaram Stadium, Chepauk, Chennai",MI,RCB,RCB,field,RCB,wickets,2.0,160.0,20.0,N,,KN Ananthapadmanabhan,Nitin Menon
1254059,2021,Mumbai,2021-04-10,League,S Dhawan,"Wankhede Stadium, Mumbai",CSK,DC,DC,field,DC,wickets,7.0,189.0,20.0,N,,AK Chaudhary,VK Sharma
1254060,2021,Chennai,2021-04-11,League,N Rana,"MA Chidambaram Stadium, Chepauk, Chennai",KKR,SRH,SRH,field,KKR,runs,10.0,188.0,20.0,N,,KN Ananthapadmanabhan,Nitin Menon
1254061,2021,Mumbai,2021-04-12,League,SV Samson,"Wankhede Stadium, Mumbai",PBKS,RR,RR,field,PBKS,runs,4.0,222.0,20.0,N,,AK Chaudhary,S Ravi
1254062,2021,Chennai,2021-04-13,League,RD Chahar,"MA Chidambaram Stadium, Chepauk, Chennai",MI,KKR,KKR,field,MI,runs,10.0,153.0,20.0,N,,C Shamshuddin,CB Gaffaney
1254063,2021,Chennai,2021-04-14,League,GJ Maxwell,"MA Chidambaram Stadium, Chepauk, Chennai",RCB,SRH,SRH,field,RCB,runs,6.0,150.0,20.0,N,,Nitin Menon,UV Gandhe
1254064,2021,Mumbai,2021-04-15,League,JD Unadkat,"Wankhede Stadium, Mumbai",DC,RR,RR,field,RR,wickets,3.0,148.0,20.0,N,,S Ravi,VK Sharma
1254065,2021,Mumbai,2021-04-16,League,DL Chahar,"Wankhede Stadium, Mumbai",PBKS,CSK,CSK,field,CSK,wickets,6.0,107.0,20.0,N,,AK Chaudhary,AY Dandekar
1254066,2021,Chennai,2021-04-17,League,KA Pollard,"MA Chidambaram Stadium, Chepauk, Chennai",MI,SRH,MI,bat,MI,runs,13.0,151.0,20.0,N,,CB Gaffaney,K Srinivasan
1254067,2021,Chennai,2021-04-18,League,AB de Villiers,"MA Chidambaram Stadium, Chepauk, Chennai",RCB,KKR,RCB,bat,RCB,runs,38.0,205.0,20.0,N,,C Shamshuddin,Nitin Menon
1254068,2021,Mumbai,2021-04-18,League,S Dhawan,"Wankhede Stadium, Mumbai",PBKS,DC,DC,field,DC,wickets,6.0,196.0,20.0,N,,AK Chaudhary,PR Reiffel
1254069,2021,Mumbai,2021-04-19,League,MM Ali,"Wankhede Stadium, Mumbai",CSK,RR,RR,field,CSK,runs,45.0,189.0,20.0,N,,PR Reiffel,VK Sharma
1254070,2021,Chennai,2021-04-20,League,A Mishra,"MA Chidambaram Stadium, Chepauk, Chennai",MI,DC,MI,bat,DC,wickets,6.0,138.0,20.0,N,,C Shamshuddin,CB Gaffaney
1254071,2021,Chennai,2021-04-21,League,JM Bairstow,"MA Chidambaram Stadium, Chepauk, Chennai",PBKS,SRH,PBKS,bat,SRH,wickets,9.0,121.0,20.0,N,,K Srinivasan,Nitin Menon
1254072,2021,Mumbai,2021-04-21,League,F du Plessis,"Wankhede Stadium, Mumbai",CSK,KKR,KKR,field,CSK,runs,18.0,221.0,20.0,N,,AY Dandekar,PR Reiffel
1254073,2021,Mumbai,2021-04-22,League,D Padikkal,"Wankhede Stadium, Mumbai",RR,RCB,RCB,field,RCB,wickets,10.0,178.0,20.0,N,,J Madanagopal,S Ravi
1254074,2021,Chennai,2021-04-23,League,KL Rahul,"MA Chidambaram Stadium, Chepauk, Chennai",MI,PBKS,PBKS,field,PBKS,wickets,9.0,132.0,20.0,N,,C Shamshuddin,Nitin Menon
1254075,2021,Mumbai,2021-04-24,League,CH Morris,"Wankhede Stadium, Mumbai",KKR,RR,RR,field,RR,wickets,6.0,134.0,20.0,N,,Navdeep Singh,S Ravi
1254076,2021,Mumbai,2021-04-25,League,RA Jadeja,"Wankhede Stadium, Mumbai",CSK,RCB,CSK,bat,CSK,runs,69.0,192.0,20.0,N,,AK Chaudhary,VK Sharma
1254077,2021,Chennai,2021-04-25,League,PP Shaw,"MA Chidambaram Stadium, Chepauk, Chennai",DC,SRH,DC,bat,DC,tie,,160.0,20.0,Y,,CB Gaffaney,KN Ananthapadmanabhan
1254078,2021,Ahmedabad,2021-04-26,League,EJG Morgan,"Narendra Modi Stadium, Ahmedabad",PBKS,KKR,KKR,field,KKR,wickets,5.0,124.0,20.0,N,,PR Reiffel,YC Barde
1254079,2021,Ahmedabad,2021-04-27,League,AB de Villiers,"Narendra Modi Stadium, Ahmedabad",RCB,DC,DC,field,RCB,runs,1.0,172.0,20.0,N,,S Ravi,VK Sharma
1254080,2021,Delhi,2021-04-28,League,RD Gaikwad,"Arun Jaitley Stadium, Delhi",SRH,CSK,SRH,bat,CSK,wickets,7.0,172.0,20.0,N,,C Shamshuddin,CK Nandan
1254081,2021,Delhi,2021-04-29,League,Q de Kock,"Arun Jaitley Stadium, Delhi",RR,MI,MI,field,MI,wickets,7.0,172.0,20.0,N,,CB Gaffaney,KN Ananthapadmanabhan
1254082,2021,Ahmedabad,2021-04-29,League,PP Shaw,"Narendra Modi Stadium, Ahmedabad",KKR,DC,DC,field,DC,wickets,7.0,155.0,20.0,N,,AK Chaudhary,YC Barde
1254083,2021,Ahmedabad,2021-04-30,League,Harpreet Brar,"Narendra Modi Stadium, Ahmedabad",PBKS,RCB,RCB,field,PBKS,runs,34.0,180.0,20.0,N,,S Ravi,VK Sharma
1254084,2021,Delhi,2021-05-01,League,KA Pollard,"Arun Jaitley Stadium, Delhi",CSK,MI,MI,field,MI,wickets,4.0,219.0,20.0,N,,KN Ananthapadmanabhan,CK Nandan
1254085,2021,Delhi,2021-05-02,League,JC Buttler,"Arun Jaitley Stadium, Delhi",RR,SRH,SRH,field,RR,runs,55.0,221.0,20.0,N,,C Shamshuddin,CB Gaffaney
1254086,2021,Ahmedabad,2021-05-02,League,MA Agarwal,"Narendra Modi Stadium, Ahmedabad",PBKS,DC,DC,field,DC,wickets,7.0,167.0,20.0,N,,AK Chaudhary,AY Dandekar
1254104,2021,Dubai,2021-09-19,League,RD Gaikwad,Dubai International Cricket Stadium,CSK,MI,CSK,bat,CSK,runs,20.0,157.0,20.0,N,,Nitin Menon,RK Illingworth
1254087,2021,Abu Dhabi,2021-09-20,League,CV Varun,"Zayed Cricket Stadium, Abu Dhabi",RCB,KKR,RCB,bat,KKR,wickets,9.0,93.0,20.0,N,,CB Gaffaney,S Ravi
1254111,2021,Dubai,2021-09-21,League,Kartik Tyagi,Dubai International Cricket Stadium,RR,PBKS,PBKS,field,RR,runs,2.0,186.0,20.0,N,,AK Chaudhary,MA Gough
1254105,2021,Dubai,2021-09-22,League,A Nortje,Dubai International Cricket Stadium,SRH,DC,SRH,bat,DC,wickets,8.0,135.0,20.0,N,,KN Ananthapadmanabhan,RK Illingworth
1254096,2021,Abu Dhabi,2021-09-23,League,SP Narine,"Zayed Cricket Stadium, Abu Dhabi",MI,KKR,KKR,field,KKR,wickets,7.0,156.0,20.0,N,,S Ravi,VK Sharma
1254113,2021,Sharjah,2021-09-24,League,DJ Bravo,Sharjah Cricket Stadium,RCB,CSK,CSK,field,CSK,wickets,6.0,157.0,20.0,N,,AK Chaudhary,Nitin Menon
1254097,2021,Abu Dhabi,2021-09-25,League,SS Iyer,"Zayed Cricket Stadium, Abu Dhabi",DC,RR,RR,field,DC,runs,33.0,155.0,20.0,N,,CB Gaffaney,UV Gandhe
1254107,2021,Sharjah,2021-09-25,League,JO Holder,Sharjah Cricket Stadium,PBKS,SRH,SRH,field,PBKS,runs,5.0,126.0,20.0,N,,RK Illingworth,YC Barde
1254098,2021,Abu Dhabi,2021-09-26,League,RA Jadeja,"Zayed Cricket Stadium, Abu Dhabi",KKR,CSK,KKR,bat,CSK,wickets,2.0,172.0,20.0,N,,CB Gaffaney,Tapan Sharma
1254108,2021,Dubai,2021-09-26,League,GJ Maxwell,Dubai International Cricket Stadium,RCB,MI,MI,field,RCB,runs,54.0,166.0,20.0,N,,AK Chaudhary,MA Gough
1254100,2021,Dubai,2021-09-27,League,JJ Roy,Dubai International Cricket Stadium,RR,SRH,RR,bat,SRH,wickets,7.0,165.0,20.0,N,,KN Ananthapadmanabhan,Navdeep Singh
1254092,2021,Sharjah,2021-09-28,League,SP Narine,Sharjah Cricket Stadium,DC,KKR,KKR,field,KKR,wickets,3.0,128.0,20.0,N,,Nitin Menon,HAS Khalid
1254099,2021,Abu Dhabi,2021-09-28,League,KA Pollard,"Zayed Cricket Stadium, Abu Dhabi",PBKS,MI,MI,field,MI,wickets,6.0,136.0,20.0,N,,S Ravi,VK Sharma
1254103,2021,Dubai,2021-09-29,League,YS Chahal,Dubai International Cricket Stadium,RR,RCB,RCB,field,RCB,wickets,7.0,150.0,20.0,N,,AY Dandekar,KN Ananthapadmanabhan
1254091,2021,Sharjah,2021-09-30,League,JR Hazlewood,Sharjah Cricket Stadium,SRH,CSK,CSK,field,CSK,wickets,6.0,135.0,20.0,N,,Nitin Menon,YC Barde
1254102,2021,Dubai,2021-10-01,League,KL Rahul,Dubai International Cricket Stadium,KKR,PBKS,PBKS,field,PBKS,wickets,5.0,166.0,20.0,N,,KN Ananthapadmanabhan,RK Illingworth
1254089,2021,Abu Dhabi,2021-10-02,League,RD Gaikwad,"Zayed Cricket Stadium, Abu Dhabi",CSK,RR,RR,field,RR,wickets,7.0,190.0,20.0,N,,CB Gaffaney,VK Sharma
1254112,2021,Sharjah,2021-10-02,League,AR Patel,Sharjah Cricket Stadium,MI,DC,DC,field,DC,wickets,4.0,130.0,20.0,N,,AK Chaudhary,MA Gough
1254090,2021,Sharjah,2021-10-03,League,GJ Maxwell,Sharjah Cricket Stadium,RCB,PBKS,RCB,bat,RCB,runs,6.0,165.0,20.0,N,,KN Ananthapadmanabhan,RK Illingworth
1254109,2021,Dubai,2021-10-03,League,Shubman Gill,Dubai International Cricket Stadium,SRH,KKR,SRH,bat,KKR,wickets,6.0,116.0,20.0,N,,J Madanagopal,MA Gough
1254110,2021,Dubai,2021-10-04,League,AR Patel,Dubai International Cricket Stadium,CSK,DC,DC,field,DC,wickets,3.0,137.0,20.0,N,,AK Chaudhary,Nitin Menon
1254093,2021,Sharjah,2021-10-05,League,NM Coulter-Nile,Sharjah Cricket Stadium,RR,MI,MI,field,MI,wickets,8.0,91.0,20.0,N,,AK Chaudhary,MA Gough
1254095,2021,Abu Dhabi,2021-10-06,League,KS Williamson,"Zayed Cricket Stadium, Abu Dhabi",SRH,RCB,RCB,field,SRH,runs,4.0,142.0,20.0,N,,S Ravi,UV Gandhe
1254094,2021,Dubai,2021-10-07,League,KL Rahul,Dubai International Cricket Stadium,CSK,PBKS,PBKS,field,PBKS,wickets,6.0,135.0,20.0,N,,K Srinivasan,RK Illingworth
1254106,2021,Sharjah,2021-10-07,League,Shivam Mavi,Sharjah Cricket Stadium,KKR,RR,RR,field,KKR,runs,86.0,172.0,20.0,N,,MA Gough,HAS Khalid
1254088,2021,Abu Dhabi,2021-10-08,League,Ishan Kishan,"Zayed Cricket Stadium, Abu Dhabi",MI,SRH,MI,bat,MI,runs,42.0,236.0,20.0,N,,Tapan Sharma,VK Sharma
1254101,2021,Dubai,2021-10-08,League,KS Bharat,Dubai International Cricket Stadium,DC,RCB,RCB,field,RCB,wickets,7.0,165.0,20.0,N,,KN Ananthapadmanabhan,Nitin Menon
1254114,2021,Dubai,2021-10-10,Qualifier 1,RD Gaikwad,Dubai International Cricket Stadium,DC,CSK,CSK,field,CSK,wickets,4.0,173.0,20.0,N,,Nitin Menon,RK Illingworth
1254115,2021,Sharjah,2021-10-11,Eliminator,SP Narine,Sharjah Cricket Stadium,RCB,KKR,RCB,bat,KKR,wickets,4.0,139.0,20.0,N,,CB Gaffaney,VK Sharma
1254116,2021,Sharjah,2021-10-13,Qualifier 2,VR Iyer,Sharjah Cricket Stadium,DC,KKR,KKR,field,KKR,wickets,3.0,136.0,20.0,N,,KN Ananthapadmanabhan,MA Gough
1254117,2021,Dubai,2021-10-15,Final,F du Plessis,Dubai International Cricket Stadium,CSK,KKR,KKR,field,CSK,runs,27.0,193.0,20.0,N,,Nitin Menon,RK Illingworth
1304047,2022,Mumbai,2022-03-26,League,UT Yadav,"Wankhede Stadium, Mumbai",CSK,KKR,KKR,field,KKR,wickets,6.0,132.0,20.0,N,,AK Chaudhary,Nitin Menon
1304048,2022,Mumbai,2022-03-27,League,Kuldeep Yadav,"Brabourne Stadium, Mumbai",MI,DC,DC,field,DC,wickets,4.0,178.0,20.0,N,,RJ Tucker,HAS Khalid
1304049,2022,Mumbai,2022-03-27,League,OF Smith,"Dr DY Patil Sports Academy, Mumbai",RCB,PBKS,PBKS,field,PBKS,wickets,5.0,206.0,20.0,N,,Nitin Menon,YC Barde
1304050,2022,Mumbai,2022-03-28,League,Mohammed Shami,"Wankhede Stadium, Mumbai",LSG,GT,GT,field,GT,wickets,5.0,159.0,20.0,N,,PG Pathak,VK Sharma
1304051,2022,Pune,2022-03-29,League,SV Samson,"Maharashtra Cricket Association Stadium, Pune",RR,SRH,SRH,field,RR,runs,61.0,211.0,20.0,N,,BNJ Oxenford,UV Gandhe
1304052,2022,Mumbai,2022-03-30,League,PWH de Silva,"Dr DY Patil Sports Academy, Mumbai",KKR,RCB,RCB,field,RCB,wickets,3.0,129.0,20.0,N,,J Madanagopal,Navdeep Singh
1304053,2022,Mumbai,2022-03-31,League,E Lewis,"Brabourne Stadium, Mumbai",CSK,LSG,LSG,field,LSG,wickets,6.0,211.0,20.0,N,,RJ Tucker,VK Sharma
1304054,2022,Mumbai,2022-04-01,League,UT Yadav,"Wankhede Stadium, Mumbai",PBKS,KKR,KKR,field,KKR,wickets,6.0,138.0,20.0,N,,AK Chaudhary,HAS Khalid
1304055,2022,Mumbai,2022-04-02,League,JC Buttler,"Dr DY Patil Sports Academy, Mumbai",RR,MI,MI,field,RR,runs,23.0,194.0,20.0,N,,Nitin Menon,PG Pathak
1304056,2022,Pune,2022-04-02,League,LH Ferguson,"Maharashtra Cricket Association Stadium, Pune",GT,DC,DC,field,GT,runs,14.0,172.0,20.0,N,,KN Ananthapadmanabhan,UV Gandhe
1304057,2022,Mumbai,2022-04-03,League,LS Livingstone,"Brabourne Stadium, Mumbai",PBKS,CSK,CSK,field,PBKS,runs,54.0,181.0,20.0,N,,RJ Tucker,YC Barde
1304058,2022,Mumbai,2022-04-04,League,Avesh Khan,"Dr DY Patil Sports Academy, Mumbai",LSG,SRH,SRH,field,LSG,runs,12.0,170.0,20.0,N,,J Madanagopal,Navdeep Singh
1304059,2022,Mumbai,2022-04-05,League,KD Karthik,"Wankhede Stadium, Mumbai",RR,RCB,RCB,field,RCB,wickets,4.0,170.0,20.0,N,,AK Chaudhary,HAS Khalid
1304060,2022,Pune,2022-04-06,League,PJ Cummins,"Maharashtra Cricket Association Stadium, Pune",MI,KKR,KKR,field,KKR,wickets,5.0,162.0,20.0,N,,BNJ Oxenford,KN Ananthapadmanabhan
1304061,2022,Mumbai,2022-04-07,League,Q de Kock,"Dr DY Patil Sports Academy, Mumbai",DC,LSG,LSG,field,LSG,wickets,6.0,150.0,20.0,N,,RJ Tucker,Tapan Sharma
1304062,2022,Mumbai,2022-04-08,League,Shubman Gill,"Brabourne Stadium, Mumbai",PBKS,GT,GT,field,GT,wickets,6.0,190.0,20.0,N,,AK Chaudhary,VK Sharma
1304063,2022,Mumbai,2022-04-09,League,Abhishek Sharma,"Dr DY Patil Sports Academy, Mumbai",CSK,SRH,SRH,field,SRH,wickets,8.0,155.0,20.0,N,,Navdeep Singh,Nitin Menon
1304064,2022,Pune,2022-04-09,League,Anuj Rawat,"Maharashtra Cricket Association Stadium, Pune",MI,RCB,RCB,field,RCB,wickets,7.0,152.0,20.0,N,,BNJ Oxenford,KN Ananthapadmanabhan
1304065,2022,Mumbai,2022-04-10,League,Kuldeep Yadav,"Brabourne Stadium, Mumbai",DC,KKR,KKR,field,DC,runs,44.0,216.0,20.0,N,,CB Gaffaney,J Madanagopal
1304066,2022,Mumbai,2022-04-10,League,YS Chahal,"Wankhede Stadium, Mumbai",RR,LSG,LSG,field,RR,runs,3.0,166.0,20.0,N,,AK Chaudhary,Tapan Sharma
1304067,2022,Mumbai,2022-04-11,League,KS Williamson,"Dr DY Patil Sports Academy, Mumbai",GT,SRH,SRH,field,SRH,wickets,8.0,163.0,20.0,N,,Chirra Ravikanthreddy,RJ Tucker
1304068,2022,Mumbai,2022-04-12,League,S Dube,"Dr DY Patil Sports Academy, Mumbai",CSK,RCB,RCB,field,CSK,runs,23.0,217.0,20.0,N,,Nitin Menon,N Pandit
1304069,2022,Pune,2022-04-13,League,MA Agarwal,"Maharashtra Cricket Association Stadium, Pune",PBKS,MI,MI,field,PBKS,runs,12.0,199.0,20.0,N,,BNJ Oxenford,UV Gandhe
1304070,2022,Mumbai,2022-04-14,League,HH Pandya,"Dr DY Patil Sports Academy, Mumbai",GT,RR,RR,field,GT,runs,37.0,193.0,20.0,N,,CB Gaffaney,R Pandit
1304071,2022,Mumbai,2022-04-15,League,RA Tripathi,"Brabourne Stadium, Mumbai",KKR,SRH,SRH,field,SRH,wickets,7.0,176.0,20.0,N,,GR Sadashiv Iyer,VK Sharma
1304072,2022,Mumbai,2022-04-16,League,KL Rahul,"Brabourne Stadium, Mumbai",LSG,MI,MI,field,LSG,runs,18.0,200.0,20.0,N,,AK Chaudhary,NA Patwardhan
1304073,2022,Mumbai,2022-04-16,League,KD Karthik,"Wankhede Stadium, Mumbai",RCB,DC,DC,field,RCB,runs,16.0,190.0,20.0,N,,Chirra Ravikanthreddy,J Madanagopal
1304074,2022,Mumbai,2022-04-17,League,Umran Malik,"Dr DY Patil Sports Academy, Mumbai",PBKS,SRH,SRH,field,SRH,wickets,7.0,152.0,20.0,N,,PG Pathak,R Pandit
1304075,2022,Pune,2022-04-17,League,DA Miller,"Maharashtra Cricket Association Stadium, Pune",CSK,GT,GT,field,GT,wickets,3.0,170.0,20.0,N,,KN Ananthapadmanabhan,UV Gandhe
1304076,2022,Mumbai,2022-04-18,League,YS Chahal,"Brabourne Stadium, Mumbai",RR,KKR,KKR,field,RR,runs,7.0,218.0,20.0,N,,GR Sadashiv Iyer,VK Sharma
1304077,2022,Mumbai,2022-04-19,League,F du Plessis,"Dr DY Patil Sports Academy, Mumbai",RCB,LSG,LSG,field,RCB,runs,18.0,182.0,20.0,N,,CB Gaffaney,N Pandit
1304078,2022,Mumbai,2022-04-20,League,Kuldeep Yadav,"Brabourne Stadium, Mumbai",PBKS,DC,DC,field,DC,wickets,9.0,116.0,20.0,N,,RJ Tucker,Tapan Sharma
1304079,2022,Navi Mumbai,2022-04-21,League,Mukesh Choudhary,"Dr DY Patil Sports Academy, Mumbai",MI,CSK,CSK,field,CSK,wickets,3.0,156.0,20.0,N,,BNJ Oxenford,UV Gandhe
1304080,2022,Mumbai,2022-04-22,League,JC Buttler,"Wankhede Stadium, Mumbai",RR,DC,DC,field,RR,runs,15.0,223.0,20.0,N,,NA Patwardhan,Nitin Menon
1304081,2022,Navi Mumbai,2022-04-23,League,Rashid Khan,"Dr DY Patil Sports Academy, Mumbai",GT,KKR,GT,bat,GT,runs,8.0,157.0,20.0,N,,KN Ananthapadmanabhan,UV Gandhe
1304082,2022,Mumbai,2022-04-23,League,M Jansen,"Brabourne Stadium, Mumbai",RCB,SRH,SRH,field,SRH,wickets,9.0,69.0,20.0,N,,Chirra Ravikanthreddy,J Madanagopal
1304083,2022,Mumbai,2022-04-24,League,KL Rahul,"Wankhede Stadium, Mumbai",LSG,MI,MI,field,LSG,runs,36.0,169.0,20.0,N,,M Erasmus,HAS Khalid
1304084,2022,Mumbai,2022-04-25,League,S Dhawan,"Wankhede Stadium, Mumbai",PBKS,CSK,CSK,field,PBKS,runs,11.0,188.0,20.0,N,,M Erasmus,Tapan Sharma
1304085,2022,Pune,2022-04-26,League,R Parag,"Maharashtra Cricket Association Stadium, Pune",RR,RCB,RCB,field,RR,runs,29.0,145.0,20.0,N,,BNJ Oxenford,KN Ananthapadmanabhan
1304086,2022,Mumbai,2022-04-27,League,Umran Malik,"Wankhede Stadium, Mumbai",SRH,GT,GT,field,GT,wickets,5.0,196.0,20.0,N,,CB Gaffaney,Navdeep Singh
1304087,2022,Mumbai,2022-04-28,League,Kuldeep Yadav,"Wankhede Stadium, Mumbai",KKR,DC,DC,field,DC,wickets,4.0,147.0,20.0,N,,AK Chaudhary,PG Pathak
1304088,2022,Pune,2022-04-29,League,KH Pandya,"Maharashtra Cricket Association Stadium, Pune",LSG,PBKS,PBKS,field,LSG,runs,20.0,154.0,20.0,N,,MA Gough,UV Gandhe
1304089,2022,Mumbai,2022-04-30,League,R Tewatia,"Brabourne Stadium, Mumbai",RCB,GT,RCB,bat,GT,wickets,6.0,171.0,20.0,N,,HAS Khalid,VK Sharma
1304090,2022,Navi Mumbai,2022-04-30,League,SA Yadav,"Dr DY Patil Sports Academy, Mumbai",RR,MI,MI,field,MI,wickets,5.0,159.0,20.0,N,,BNJ Oxenford,YC Barde
1304091,2022,Mumbai,2022-05-01,League,Mohsin Khan,"Wankhede Stadium, Mumbai",LSG,DC,LSG,bat,LSG,runs,6.0,196.0,20.0,N,,Chirra Ravikanthreddy,CB Gaffaney
1304092,2022,Pune,2022-05-01,League,RD Gaikwad,"Maharashtra Cricket Association Stadium, Pune",CSK,SRH,SRH,field,CSK,runs,13.0,203.0,20.0,N,,AK Chaudhary,KN Ananthapadmanabhan
1304093,2022,Mumbai,2022-05-02,League,RK Singh,"Wankhede Stadium, Mumbai",RR,KKR,KKR,field,KKR,wickets,7.0,153.0,20.0,N,,J Madanagopal,N Pandit
1304094,2022,Navi Mumbai,2022-05-03,League,K Rabada,"Dr DY Patil Sports Academy, Mumbai",GT,PBKS,GT,bat,PBKS,wickets,8.0,144.0,20.0,N,,R Pandit,VK Sharma
1304095,2022,Pune,2022-05-04,League,HV Patel,"Maharashtra Cricket Association Stadium, Pune",RCB,CSK,CSK,field,RCB,runs,13.0,174.0,20.0,N,,KN Ananthapadmanabhan,MA Gough
1304096,2022,Mumbai,2022-05-05,League,DA Warner,"Brabourne Stadium, Mumbai",DC,SRH,SRH,field,DC,runs,21.0,208.0,20.0,N,,Navdeep Singh,NA Patwardhan
1304097,2022,Mumbai,2022-05-06,League,TH David,"Brabourne Stadium, Mumbai",MI,GT,GT,field,MI,runs,5.0,178.0,20.0,N,,J Madanagopal,GR Sadashiv Iyer
1304098,2022,Mumbai,2022-05-07,League,YBK Jaiswal,"Wankhede Stadium, Mumbai",PBKS,RR,PBKS,bat,RR,wickets,6.0,190.0,20.0,N,,Chirra Ravikanthreddy,YC Barde
1304099,2022,Pune,2022-05-07,League,Avesh Khan,"Maharashtra Cricket Association Stadium, Pune",LSG,KKR,KKR,field,LSG,runs,75.0,177.0,20.0,N,,AK Chaudhary,MA Gough
1304100,2022,Mumbai,2022-05-08,League,PWH de Silva,"Wankhede Stadium, Mumbai",RCB,SRH,RCB,bat,RCB,runs,67.0,193.0,20.0,N,,BNJ Oxenford,N Pandit
1304101,2022,Navi Mumbai,2022-05-08,League,DP Conway,"Dr DY Patil Sports Academy, Mumbai",CSK,DC,DC,field,CSK,runs,91.0,209.0,20.0,N,,Nitin Menon,R Pandit
1304102,2022,Navi Mumbai,2022-05-09,League,JJ Bumrah,"Dr DY Patil Sports Academy, Mumbai",KKR,MI,MI,field,KKR,runs,52.0,166.0,20.0,N,,CB Gaffaney,GR Sadashiv Iyer
1304103,2022,Pune,2022-05-10,League,Shubman Gill,"Maharashtra Cricket Association Stadium, Pune",GT,LSG,GT,bat,GT,runs,62.0,145.0,20.0,N,,KN Ananthapadmanabhan,MA Gough
1304104,2022,Navi Mumbai,2022-05-11,League,MR Marsh,"Dr DY Patil Sports Academy, Mumbai",RR,DC,DC,field,DC,wickets,8.0,161.0,20.0,N,,NA Patwardhan,Nitin Menon
1304105,2022,Mumbai,2022-05-12,League,DR Sams,"Wankhede Stadium, Mumbai",CSK,MI,MI,field,MI,wickets,5.0,98.0,20.0,N,,Chirra Ravikanthreddy,CB Gaffaney
1304106,2022,Mumbai,2022-05-13,League,JM Bairstow,"Brabourne Stadium, Mumbai",PBKS,RCB,RCB,field,PBKS,runs,54.0,210.0,20.0,N,,J Madanagopal,N Pandit
1304107,2022,Pune,2022-05-14,League,AD Russell,"Maharashtra Cricket Association Stadium, Pune",KKR,SRH,KKR,bat,KKR,runs,54.0,178.0,20.0,N,,AK Chaudhary,KN Ananthapadmanabhan
1304108,2022,Mumbai,2022-05-15,League,WP Saha,"Wankhede Stadium, Mumbai",CSK,GT,CSK,bat,GT,wickets,7.0,134.0,20.0,N,,R Pandit,VK Sharma
1304109,2022,Mumbai,2022-05-15,League,TA Boult,"Brabourne Stadium, Mumbai",RR,LSG,RR,bat,RR,runs,24.0,179.0,20.0,N,,PG Pathak,Tapan Sharma
1304110,2022,Navi Mumbai,2022-05-16,League,SN Thakur,"Dr DY Patil Sports Academy, Mumbai",DC,PBKS,PBKS,field,DC,runs,17.0,160.0,20.0,N,,GR Sadashiv Iyer,Nitin Menon
1304111,2022,Mumbai,2022-05-17,League,RA Tripathi,"Wankhede Stadium, Mumbai",SRH,MI,MI,field,SRH,runs,3.0,194.0,20.0,N,,CB Gaffaney,N Pandit
1304112,2022,Navi Mumbai,2022-05-18,League,Q de Kock,"Dr DY Patil Sports Academy, Mumbai",LSG,KKR,LSG,bat,LSG,runs,2.0,211.0,20.0,N,,R Pandit,YC Barde
1304113,2022,Mumbai,2022-05-19,League,V Kohli,"Wankhede Stadium, Mumbai",GT,RCB,GT,bat,RCB,wickets,8.0,169.0,20.0,N,,KN Ananthapadmanabhan,GR Sadashiv Iyer
1304114,2022,Mumbai,2022-05-20,League,R Ashwin,"Brabourne Stadium, Mumbai",CSK,RR,CSK,bat,RR,wickets,5.0,151.0,20.0,N,,CB Gaffaney,NA Patwardhan
1304115,2022,Mumbai,2022-05-21,League,JJ Bumrah,"Wankhede Stadium, Mumbai",DC,MI,MI,field,MI,wickets,5.0,160.0,20.0,N,,Nitin Menon,Tapan Sharma
1304116,2022,Mumbai,2022-05-22,League,Harpreet Brar,"Wankhede Stadium, Mumbai",SRH,PBKS,SRH,bat,PBKS,wickets,5.0,158.0,20.0,N,,AK Chaudhary,NA Patwardhan
1312197,2022,Kolkata,2022-05-24,Qualifier 1,DA Miller,"Eden Gardens, Kolkata",RR,GT,GT,field,GT,wickets,7.0,189.0,20.0,N,,BNJ Oxenford,VK Sharma
1312198,2022,Kolkata,2022-05-25,Eliminator,RM Patidar,"Eden Gardens, Kolkata",RCB,LSG,LSG,field,RCB,runs,14.0,208.0,20.0,N,,J Madanagopal,MA Gough
1312199,2022,Ahmedabad,2022-05-27,Qualifier 2,JC Buttler,"Narendra Modi Stadium, Ahmedabad",RCB,RR,RR,field,RR,wickets,7.0,158.0,20.0,N,,CB Gaffaney,Nitin Menon
1312200,2022,Ahmedabad,2022-05-29,Final,HH Pandya,"Narendra Modi Stadium, Ahmedabad",RR,GT,RR,bat,GT,wickets,7.0,131.0,20.0,N,,CB Gaffaney,Nitin Menon
1359475,2023,Ahmedabad,2023-03-31,League,Rashid Khan,"Narendra Modi Stadium, Ahmedabad",CSK,GT,GT,field,GT,wickets,5.0,179.0,20.0,N,,Nitin Menon,HAS Khalid
1359476,2023,Chandigarh,2023-04-01,League,Arshdeep Singh,"Punjab Cricket Association IS Bindra Stadium, Mohali, Chandigarh",PBKS,KKR,KKR,field,PBKS,runs,7.0,154.0,16.0,N,D/L,BNJ Oxenford,YC Barde
1359477,2023,Lucknow,2023-04-01,League,MA Wood,"Bharat Ratna Shri Atal Bihari Vajpayee Ekana Cricket Stadium, Lucknow",LSG,DC,DC,field,LSG,runs,50.0,194.0,20.0,N,,AK Chaudhary,NA Patwardhan
1359478,2023,Hyderabad,2023-04-02,League,JC Buttler,"Rajiv Gandhi International Stadium, Uppal, Hyderabad",RR,SRH,SRH,field,RR,runs,72.0,204.0,20.0,N,,KN Ananthapadmanabhan,R Pandit
1359479,2023,Bengaluru,2023-04-02,League,F du Plessis,"M Chinnaswamy Stadium, Bengaluru",MI,RCB,RCB,field,RCB,wickets,8.0,172.0,20.0,N,,Nitin Menon,Tapan Sharma
1359480,2023,Chennai,2023-04-03,League,MM Ali,"MA Chidambaram Stadium, Chepauk, Chennai",CSK,LSG,LSG,field,CSK,runs,12.0,218.0,20.0,N,,A Totre,BNJ Oxenford
1359481,2023,Delhi,2023-04-04,League,B Sai Sudharsan,"Arun Jaitley Stadium, Delhi",DC,GT,GT,field,GT,wickets,6.0,163.0,20.0,N,,A Nand Kishore,GR Sadashiv Iyer
1359482,2023,Guwahati,2023-04-05,League,NT Ellis,"Barsapara Cricket Stadium, Guwahati",PBKS,RR,RR,field,PBKS,runs,5.0,198.0,20.0,N,,KN Ananthapadmanabhan,MV Saidharshan Kumar
1359483,2023,Kolkata,2023-04-06,League,SN Thakur,"Eden Gardens, Kolkata",KKR,RCB,RCB,field,KKR,runs,81.0,205.0,20.0,N,,Vinod Seshan,VK Sharma
1359484,2023,Lucknow,2023-04-07,League,KH Pandya,"Bharat Ratna Shri Atal Bihari Vajpayee Ekana Cricket Stadium, Lucknow",SRH,LSG,SRH,bat,LSG,wickets,5.0,122.0,20.0,N,,J Madanagopal,YC Barde
1359485,2023,Guwahati,2023-04-08,League,YBK Jaiswal,"Barsapara Cricket Stadium, Guwahati",RR,DC,DC,field,RR,runs,57.0,200.0,20.0,N,,Navdeep Singh,MV Saidharshan Kumar
1359486,2023,Mumbai,2023-04-08,League,RA Jadeja,"Wankhede Stadium, Mumbai",MI,CSK,CSK,field,CSK,wickets,7.0,158.0,20.0,N,,CB Gaffaney,NA Patwardhan
1359487,2023,Ahmedabad,2023-04-09,League,RK Singh,"Narendra Modi Stadium, Ahmedabad",GT,KKR,GT,bat,KKR,wickets,3.0,205.0,20.0,N,,Nitin Menon,Tapan Sharma
1359488,2023,Hyderabad,2023-04-09,League,S Dhawan,"Rajiv Gandhi International Stadium, Uppal, Hyderabad",PBKS,SRH,SRH,field,SRH,wickets,8.0,144.0,20.0,N,,BNJ Oxenford,UV Gandhe
1359489,2023,Bengaluru,2023-04-10,League,N Pooran,"M Chinnaswamy Stadium, Bengaluru",RCB,LSG,LSG,field,LSG,wickets,1.0,213.0,20.0,N,,AK Chaudhary,A Nand Kishore
1359490,2023,Delhi,2023-04-11,League,RG Sharma,"Arun Jaitley Stadium, Delhi",DC,MI,MI,field,MI,wickets,6.0,173.0,20.0,N,,MA Gough,R Pandit
1359491,2023,Chennai,2023-04-12,League,R Ashwin,"MA Chidambaram Stadium, Chepauk, Chennai",RR,CSK,CSK,field,RR,runs,3.0,176.0,20.0,N,,Vinod Seshan,VK Sharma
1359492,2023,Chandigarh,2023-04-13,League,MM Sharma,"Punjab Cricket Association IS Bindra Stadium, Mohali, Chandigarh",PBKS,GT,GT,field,GT,wickets,6.0,154.0,20.0,N,,A Totre,J Madanagopal
1359493,2023,Kolkata,2023-04-14,League,HC Brook,"Eden Gardens, Kolkata",SRH,KKR,KKR,field,SRH,runs,23.0,229.0,20.0,N,,CB Gaffaney,GR Sadashiv Iyer
1359494,2023,Bengaluru,2023-04-15,League,V Kohli,"M Chinnaswamy Stadium, Bengaluru",RCB,DC,DC,field,RCB,runs,23.0,175.0,20.0,N,,KN Ananthapadmanabhan,MV Saidharshan Kumar
1359495,2023,Lucknow,2023-04-15,League,Sikandar Raza,"Bharat Ratna Shri Atal Bihari Vajpayee Ekana Cricket Stadium, Lucknow",LSG,PBKS,PBKS,field,PBKS,wickets,2.0,160.0,20.0,N,,HAS Khalid,VK Sharma
1359496,2023,Mumbai,2023-04-16,League,VR Iyer,"Wankhede Stadium, Mumbai",KKR,MI,MI,field,MI,wickets,5.0,186.0,20.0,N,,BNJ Oxenford,UV Gandhe
1359497,2023,Ahmedabad,2023-04-16,League,SO Hetmyer,"Narendra Modi Stadium, Ahmedabad",GT,RR,RR,field,RR,wickets,3.0,178.0,20.0,N,,AK Chaudhary,CB Gaffaney
1359498,2023,Bengaluru,2023-04-17,League,DP Conway,"M Chinnaswamy Stadium, Bengaluru",CSK,RCB,RCB,field,CSK,runs,8.0,227.0,20.0,N,,KN Ananthapadmanabhan,Navdeep Singh
1359499,2023,Hyderabad,2023-04-18,League,C Green,"Rajiv Gandhi International Stadium, Uppal, Hyderabad",MI,SRH,SRH,field,MI,runs,14.0,193.0,20.0,N,,Nitin Menon,Vinod Seshan
1359500,2023,Jaipur,2023-04-19,League,MP Stoinis,"Sawai Mansingh Stadium, Jaipur",LSG,RR,RR,field,LSG,runs,10.0,155.0,20.0,N,,J Madanagopal,YC Barde
1359501,2023,Chandigarh,2023-04-20,League,Mohammed Siraj,"Punjab Cricket Association IS Bindra Stadium, Mohali, Chandigarh",RCB,PBKS,PBKS,field,RCB,runs,24.0,175.0,20.0,N,,AK Chaudhary,GR Sadashiv Iyer
1359502,2023,Delhi,2023-04-20,League,I Sharma,"Arun Jaitley Stadium, Delhi",KKR,DC,DC,field,DC,wickets,4.0,128.0,20.0,N,,MA Gough,R Pandit
1359503,2023,Chennai,2023-04-21,League,RA Jadeja,"MA Chidambaram Stadium, Chepauk, Chennai",SRH,CSK,CSK,field,CSK,wickets,7.0,135.0,20.0,N,,HAS Khalid,VK Sharma
1359504,2023,Lucknow,2023-04-22,League,MM Sharma,"Bharat Ratna Shri Atal Bihari Vajpayee Ekana Cricket Stadium, Lucknow",GT,LSG,GT,bat,GT,runs,7.0,136.0,20.0,N,,A Totre,RJ Tucker
1359505,2023,Mumbai,2023-04-22,League,SM Curran,"Wankhede Stadium, Mumbai",PBKS,MI,MI,field,PBKS,runs,13.0,215.0,20.0,N,,CB Gaffaney,GR Sadashiv Iyer
1359506,2023,Bengaluru,2023-04-23,League,GJ Maxwell,"M Chinnaswamy Stadium, Bengaluru",RCB,RR,RR,field,RCB,runs,7.0,190.0,20.0,N,,MA Gough,MV Saidharshan Kumar
1359507,2023,Kolkata,2023-04-23,League,AM Rahane,"Eden Gardens, Kolkata",CSK,KKR,KKR,field,CSK,runs,49.0,236.0,20.0,N,,Nitin Menon,Tapan Sharma
1359508,2023,Hyderabad,2023-04-24,League,AR Patel,"Rajiv Gandhi International Stadium, Uppal, Hyderabad",DC,SRH,DC,bat,DC,runs,7.0,145.0,20.0,N,,J Madanagopal,RJ Tucker
1359509,2023,Ahmedabad,2023-04-25,League,A Manohar,"Narendra Modi Stadium, Ahmedabad",GT,MI,MI,field,GT,runs,55.0,208.0,20.0,N,,AK Chaudhary,A Nand Kishore
1359510,2023,Bengaluru,2023-04-26,League,CV Varun,"M Chinnaswamy Stadium, Bengaluru",KKR,RCB,RCB,field,KKR,runs,21.0,201.0,20.0,N,,KN Ananthapadmanabhan,R Pandit
1359511,2023,Jaipur,2023-04-27,League,YBK Jaiswal,"Sawai Mansingh Stadium, Jaipur",RR,CSK,RR,bat,RR,runs,32.0,203.0,20.0,N,,A Totre,YC Barde
1359512,2023,Chandigarh,2023-04-28,League,MP Stoinis,"Punjab Cricket Association IS Bindra Stadium, Mohali, Chandigarh",LSG,PBKS,PBKS,field,LSG,runs,56.0,258.0,20.0,N,,Nitin Menon,Vinod Seshan
1359513,2023,Kolkata,2023-04-29,League,J Little,"Eden Gardens, Kolkata",KKR,GT,GT,field,GT,wickets,7.0,180.0,20.0,N,,NA Patwardhan,GR Sadashiv Iyer
1359514,2023,Delhi,2023-04-29,League,MR Marsh,"Arun Jaitley Stadium, Delhi",SRH,DC,SRH,bat,SRH,runs,9.0,198.0,20.0,N,,MA Gough,Navdeep Singh
1359515,2023,Chennai,2023-04-30,League,DP Conway,"MA Chidambaram Stadium, Chepauk, Chennai",CSK,PBKS,CSK,bat,PBKS,wickets,4.0,201.0,20.0,N,,RJ Tucker,UV Gandhe
1359516,2023,Mumbai,2023-04-30,League,YBK Jaiswal,"Wankhede Stadium, Mumbai",RR,MI,RR,bat,MI,wickets,6.0,213.0,20.0,N,,Vinod Seshan,VK Sharma
1359517,2023,Lucknow,2023-05-01,League,F du Plessis,"Bharat Ratna Shri Atal Bihari Vajpayee Ekana Cricket Stadium, Lucknow",RCB,LSG,RCB,bat,RCB,runs,18.0,127.0,20.0,N,,AK Chaudhary,GR Sadashiv Iyer
1359518,2023,Ahmedabad,2023-05-02,League,Mohammed Shami,"Narendra Modi Stadium, Ahmedabad",DC,GT,DC,bat,DC,runs,5.0,131.0,20.0,N,,MA Gough,R Pandit
1359519,2023,Lucknow,2023-05-03,League,,"Bharat Ratna Shri Atal Bihari Vajpayee Ekana Cricket Stadium, Lucknow",LSG,CSK,CSK,field,,no result,,,,N,,AK Chaudhary,NA Patwardhan
1359520,2023,Chandigarh,2023-05-03,League,Ishan Kishan,"Punjab Cricket Association IS Bindra Stadium, Mohali, Chandigarh",PBKS,MI,MI,field,MI,wickets,6.0,215.0,20.0,N,,J Madanagopal,RJ Tucker
1359521,2023,Hyderabad,2023-05-04,League,CV Varun,"Rajiv Gandhi International Stadium, Uppal, Hyderabad",KKR,SRH,KKR,bat,KKR,runs,5.0,172.0,20.0,N,,KN Ananthapadmanabhan,MA Gough
1359522,2023,Jaipur,2023-05-05,League,Rashid Khan,"Sawai Mansingh Stadium, Jaipur",RR,GT,RR,bat,GT,wickets,9.0,119.0,20.0,N,,HAS Khalid,VK Sharma
1359523,2023,Chennai,2023-05-06,League,M Pathirana,"MA Chidambaram Stadium, Chepauk, Chennai",MI,CSK,CSK,field,CSK,wickets,6.0,140.0,20.0,N,,BNJ Oxenford,Navdeep Singh
1359524,2023,Delhi,2023-05-06,League,PD Salt,"Arun Jaitley Stadium, Delhi",RCB,DC,RCB,bat,DC,wickets,7.0,182.0,20.0,N,,RJ Tucker,YC Barde
1359525,2023,Ahmedabad,2023-05-07,League,Shubman Gill,"Narendra Modi Stadium, Ahmedabad",GT,LSG,LSG,field,GT,runs,56.0,228.0,20.0,N,,AK Chaudhary,A Nand Kishore
1359526,2023,Jaipur,2023-05-07,League,GD Phillips,"Sawai Mansingh Stadium, Jaipur",RR,SRH,RR,bat,SRH,wickets,4.0,215.0,20.0,N,,Nitin Menon,Vinod Seshan
1359527,2023,Kolkata,2023-05-08,League,AD Russell,"Eden Gardens, Kolkata",PBKS,KKR,PBKS,bat,KKR,wickets,5.0,180.0,20.0,N,,A Totre,J Madanagopal
1359528,2023,Mumbai,2023-05-09,League,SA Yadav,"Wankhede Stadium, Mumbai",RCB,MI,MI,field,MI,wickets,6.0,200.0,20.0,N,,HAS Khalid,VK Sharma
1359529,2023,Chennai,2023-05-10,League,RA Jadeja,"MA Chidambaram Stadium, Chepauk, Chennai",CSK,DC,CSK,bat,CSK,runs,27.0,168.0,20.0,N,,CB Gaffaney,NA Patwardhan
1359530,2023,Kolkata,2023-05-11,League,YBK Jaiswal,"Eden Gardens, Kolkata",KKR,RR,RR,field,RR,wickets,9.0,150.0,20.0,N,,RJ Tucker,MV Saidharshan Kumar
1359531,2023,Mumbai,2023-05-12,League,SA Yadav,"Wankhede Stadium, Mumbai",MI,GT,GT,field,MI,runs,27.0,219.0,20.0,N,,Nitin Menon,Tapan Sharma
1359532,2023,Hyderabad,2023-05-13,League,PN Mankad,"Rajiv Gandhi International Stadium, Uppal, Hyderabad",SRH,LSG,SRH,bat,LSG,wickets,7.0,183.0,20.0,N,,A Totre,J Madanagopal
1359533,2023,Delhi,2023-05-13,League,P Simran Singh,"Arun Jaitley Stadium, Delhi",PBKS,DC,DC,field,PBKS,runs,31.0,168.0,20.0,N,,CB Gaffaney,NA Patwardhan
1359534,2023,Jaipur,2023-05-14,League,WD Parnell,"Sawai Mansingh Stadium, Jaipur",RCB,RR,RCB,bat,RCB,runs,112.0,172.0,20.0,N,,KN Ananthapadmanabhan,Navdeep Singh
1359535,2023,Chennai,2023-05-14,League,RK Singh,"MA Chidambaram Stadium, Chepauk, Chennai",CSK,KKR,CSK,bat,KKR,wickets,6.0,145.0,20.0,N,,Tapan Sharma,Vinod Seshan
1359536,2023,Ahmedabad,2023-05-15,League,Shubman Gill,"Narendra Modi Stadium, Ahmedabad",GT,SRH,SRH,field,GT,runs,34.0,189.0,20.0,N,,J Madanagopal,UV Gandhe
1359537,2023,Lucknow,2023-05-16,League,MP Stoinis,"Bharat Ratna Shri Atal Bihari Vajpayee Ekana Cricket Stadium, Lucknow",LSG,MI,MI,field,LSG,runs,5.0,178.0,20.0,N,,AK Chaudhary,A Nand Kishore
1359538,2023,Dharamsala,2023-05-17,League,RR Rossouw,"Himachal Pradesh Cricket Association Stadium, Dharamsala",DC,PBKS,PBKS,field,DC,runs,15.0,214.0,20.0,N,,KN Ananthapadmanabhan,MV Saidharshan Kumar
1359539,2023,Hyderabad,2023-05-18,League,V Kohli,"Rajiv Gandhi International Stadium, Uppal, Hyderabad",SRH,RCB,RCB,field,RCB,wickets,8.0,187.0,20.0,N,,BNJ Oxenford,VK Sharma
1359540,2023,Dharamsala,2023-05-19,League,D Padikkal,"Himachal Pradesh Cricket Association Stadium, Dharamsala",PBKS,RR,RR,field,RR,wickets,4.0,188.0,20.0,N,,A Nand Kishore,RJ Tucker
1359541,2023,Delhi,2023-05-20,League,RD Gaikwad,"Arun Jaitley Stadium, Delhi",CSK,DC,CSK,bat,CSK,runs,77.0,224.0,20.0,N,,CB Gaffaney,NA Patwardhan
1359542,2023,Kolkata,2023-05-20,League,N Pooran,"Eden Gardens, Kolkata",LSG,KKR,KKR,field,LSG,runs,1.0,177.0,20.0,N,,J Madanagopal,UV Gandhe
1359543,2023,Mumbai,2023-05-21,League,C Green,"Wankhede Stadium, Mumbai",SRH,MI,MI,field,MI,wickets,8.0,201.0,20.0,N,,KN Ananthapadmanabhan,RJ Tucker
1359544,2023,Bengaluru,2023-05-21,League,Shubman Gill,"M Chinnaswamy Stadium, Bengaluru",RCB,GT,GT,field,GT,wickets,6.0,198.0,20.0,N,,Nitin Menon,VK Sharma
1370350,2023,Chennai,2023-05-23,Qualifier 1,RD Gaikwad,"MA Chidambaram Stadium, Chepauk, Chennai",CSK,GT,GT,field,CSK,runs,15.0,173.0,20.0,N,,AK Chaudhary,CB Gaffaney
1370351,2023,Chennai,2023-05-24,Eliminator,Akash Madhwal,"MA Chidambaram Stadium, Chepauk, Chennai",MI,LSG,MI,bat,MI,runs,81.0,183.0,20.0,N,,BNJ Oxenford,VK Sharma
1370352,2023,Ahmedabad,2023-05-26,Qualifier 2,Shubman Gill,"Narendra Modi Stadium, Ahmedabad",GT,MI,MI,field,GT,runs,62.0,234.0,20.0,N,,Nitin Menon,RJ Tucker
1370353,2023,Ahmedabad,2023-05-29,Final,DP Conway,"Narendra Modi Stadium, Ahmedabad",GT,CSK,CSK,field,CSK,wickets,5.0,171.0,15.0,N,D/L,Nitin Menon,RJ Tucker
1422119,2024,Chennai,2024-03-22,League,Mustafizur Rahman,"MA Chidambaram Stadium, Chepauk, Chennai",RCB,CSK,RCB,bat,CSK,wickets,6.0,174.0,20.0,N,,HAS Khalid,VK Sharma
1422120,2024,Mohali,2024-03-23,League,SM Curran,"Maharaja Yadavindra Singh International Cricket Stadium, Mullanpur",DC,PBKS,PBKS,field,PBKS,wickets,4.0,175.0,20.0,N,,J Madanagopal,NA Patwardhan
1422121,2024,Kolkata,2024-03-23,League,AD Russell,"Eden Gardens, Kolkata",KKR,SRH,SRH,field,KKR,runs,4.0,209.0,20.0,N,,R Pandit,YC Barde
1422122,2024,Jaipur,2024-03-24,League,SV Samson,"Sawai Mansingh Stadium, Jaipur",RR,LSG,RR,bat,RR,runs,20.0,194.0,20.0,N,,A Totre,HDPK Dharmasena
1422123,2024,Ahmedabad,2024-03-24,League,B Sai Sudharsan,"Narendra Modi Stadium, Ahmedabad",GT,MI,MI,field,GT,runs,6.0,169.0,20.0,N,,VA Kulkarni,VK Sharma
1422124,2024,Bengaluru,2024-03-25,League,V Kohli,"M Chinnaswamy Stadium, Bengaluru",PBKS,RCB,RCB,field,RCB,wickets,4.0,177.0,20.0,N,,AK Chaudhary,MV Saidharshan Kumar
1422125,2024,Chennai,2024-03-26,League,S Dube,"MA Chidambaram Stadium, Chepauk, Chennai",CSK,GT,GT,field,CSK,runs,63.0,207.0,20.0,N,,AG Wharf,Tapan Sharma
1422126,2024,Hyderabad,2024-03-27,League,Abhishek Sharma,"Rajiv Gandhi International Stadium, Uppal, Hyderabad",SRH,MI,MI,field,SRH,runs,31.0,278.0,20.0,N,,KN Ananthapadmanabhan,UV Gandhe
1422127,2024,Jaipur,2024-03-28,League,R Parag,"Sawai Mansingh Stadium, Jaipur",RR,DC,DC,field,RR,runs,12.0,186.0,20.0,N,,A Nand Kishore,Nitin Menon
1422128,2024,Bengaluru,2024-03-29,League,SP Narine,"M Chinnaswamy Stadium, Bengaluru",RCB,KKR,KKR,field,KKR,wickets,7.0,183.0,20.0,N,,AK Chaudhary,R Pandit
1422129,2024,Lucknow,2024-03-30,League,MP Yadav,"Bharat Ratna Shri Atal Bihari Vajpayee Ekana Cricket Stadium, Lucknow",LSG,PBKS,LSG,bat,LSG,runs,21.0,200.0,20.0,N,,J Madanagopal,Navdeep Singh
1422130,2024,Ahmedabad,2024-03-31,League,MM Sharma,"Narendra Modi Stadium, Ahmedabad",SRH,GT,SRH,bat,GT,wickets,7.0,163.0,20.0,N,,HAS Khalid,VK Sharma
1422131,2024,Visakhapatnam,2024-03-31,League,KK Ahmed,"Dr. Y.S. Rajasekhara Reddy ACA-VDCA Cricket Stadium, Visakhapatnam",DC,CSK,DC,bat,DC,runs,20.0,192.0,20.0,N,,HDPK Dharmasena,Vinod Seshan
1422132,2024,Mumbai,2024-04-01,League,TA Boult,"Wankhede Stadium, Mumbai",MI,RR,RR,field,RR,wickets,6.0,126.0,20.0,N,,MV Saidharshan Kumar,YC Barde
1422133,2024,Bengaluru,2024-04-02,League,MP Yadav,"M Chinnaswamy Stadium, Bengaluru",LSG,RCB,RCB,field,LSG,runs,28.0,182.0,20.0,N,,J Madanagopal,NA Patwardhan
1422134,2024,Visakhapatnam,2024-04-03,League,SP Narine,"Dr. Y.S. Rajasekhara Reddy ACA-VDCA Cricket Stadium, Visakhapatnam",KKR,DC,KKR,bat,KKR,runs,106.0,273.0,20.0,N,,A Totre,UV Gandhe
1422135,2024,Ahmedabad,2024-04-04,League,Shashank Singh,"Narendra Modi Stadium, Ahmedabad",GT,PBKS,PBKS,field,PBKS,wickets,3.0,200.0,20.0,N,,Nitin Menon,VA Kulkarni
1422136,2024,Hyderabad,2024-04-05,League,Abhishek Sharma,"Rajiv Gandhi International Stadium, Uppal, Hyderabad",CSK,SRH,SRH,field,SRH,wickets,6.0,166.0,20.0,N,,R Pandit,YC Barde
1422137,2024,Jaipur,2024-04-06,League,JC Buttler,"Sawai Mansingh Stadium, Jaipur",RCB,RR,RR,field,RR,wickets,6.0,184.0,20.0,N,,AG Wharf,Tapan Sharma
1422138,2024,Mumbai,2024-04-07,League,R Shepherd,"Wankhede Stadium, Mumbai",MI,DC,DC,field,MI,runs,29.0,235.0,20.0,N,,HDPK Dharmasena,UV Gandhe
1422139,2024,Lucknow,2024-04-07,League,Yash Thakur,"Bharat Ratna Shri Atal Bihari Vajpayee Ekana Cricket Stadium, Lucknow",LSG,GT,LSG,bat,LSG,runs,33.0,164.0,20.0,N,,A Nand Kishore,VK Sharma
1426260,2024,Chennai,2024-04-08,League,RA Jadeja,"MA Chidambaram Stadium, Chepauk, Chennai",KKR,CSK,CSK,field,CSK,wickets,7.0,138.0,20.0,N,,AK Chaudhary,MV Saidharshan Kumar
1426261,2024,Mohali,2024-04-09,League,Nithish Kumar Reddy,"Maharaja Yadavindra Singh International Cricket Stadium, Mullanpur",SRH,PBKS,PBKS,field,SRH,runs,2.0,183.0,20.0,N,,Navdeep Singh,NA Patwardhan
1426262,2024,Jaipur,2024-04-10,League,Rashid Khan,"Sawai Mansingh Stadium, Jaipur",RR,GT,GT,field,GT,wickets,3.0,197.0,20.0,N,,HDPK Dharmasena,Vinod Seshan
1426263,2024,Mumbai,2024-04-11,League,JJ Bumrah,"Wankhede Stadium, Mumbai",RCB,MI,MI,field,MI,wickets,7.0,197.0,20.0,N,,Nitin Menon,VA Kulkarni
1426264,2024,Lucknow,2024-04-12,League,Kuldeep Yadav,"Bharat Ratna Shri Atal Bihari Vajpayee Ekana Cricket Stadium, Lucknow",LSG,DC,LSG,bat,DC,wickets,6.0,168.0,20.0,N,,R Pandit,YC Barde
1426265,2024,Mohali,2024-04-13,League,SO Hetmyer,"Maharaja Yadavindra Singh International Cricket Stadium, Mullanpur",PBKS,RR,RR,field,RR,wickets,3.0,148.0,20.0,N,,AK Chaudhary,Tapan Sharma
1426266,2024,Kolkata,2024-04-14,League,PD Salt,"Eden Gardens, Kolkata",LSG,KKR,KKR,field,KKR,wickets,8.0,162.0,20.0,N,,A Totre,Vinod Seshan
1426267,2024,Mumbai,2024-04-14,League,M Pathirana,"Wankhede Stadium, Mumbai",CSK,MI,MI,field,CSK,runs,20.0,207.0,20.0,N,,Nitin Menon,HAS Khalid
1426268,2024,Bengaluru,2024-04-15,League,TM Head,"M Chinnaswamy Stadium, Bengaluru",SRH,RCB,RCB,field,SRH,runs,25.0,288.0,20.0,N,,AK Chaudhary,R Pandit
1426269,2024,Kolkata,2024-04-16,League,JC Buttler,"Eden Gardens, Kolkata",KKR,RR,RR,field,RR,wickets,2.0,224.0,20.0,N,,MA Gough,UV Gandhe
1426270,2024,Ahmedabad,2024-04-17,League,RR Pant,"Narendra Modi Stadium, Ahmedabad",GT,DC,DC,field,DC,wickets,6.0,90.0,20.0,N,,NA Patwardhan,VK Sharma
1426271,2024,Mohali,2024-04-18,League,JJ Bumrah,"Maharaja Yadavindra Singh International Cricket Stadium, Mullanpur",MI,PBKS,PBKS,field,MI,runs,9.0,193.0,20.0,N,,A Nand Kishore,VA Kulkarni
1426272,2024,Lucknow,2024-04-19,League,KL Rahul,"Bharat Ratna Shri Atal Bihari Vajpayee Ekana Cricket Stadium, Lucknow",CSK,LSG,LSG,field,LSG,wickets,8.0,177.0,20.0,N,,AK Chaudhary,R Pandit
1426273,2024,Delhi,2024-04-20,League,TM Head,"Arun Jaitley Stadium, Delhi",SRH,DC,DC,field,SRH,runs,67.0,267.0,20.0,N,,J Madanagopal,Navdeep Singh
1426274,2024,Kolkata,2024-04-21,League,AD Russell,"Eden Gardens, Kolkata",KKR,RCB,RCB,field,KKR,runs,1.0,223.0,20.0,N,,A Totre,Vinod Seshan
1426275,2024,Mohali,2024-04-21,League,R Sai Kishore,"Maharaja Yadavindra Singh International Cricket Stadium, Mullanpur",PBKS,GT,PBKS,bat,GT,wickets,3.0,143.0,20.0,N,,A Nand Kishore,VA Kulkarni
1426276,2024,Jaipur,2024-04-22,League,Sandeep Sharma,"Sawai Mansingh Stadium, Jaipur",MI,RR,MI,bat,RR,wickets,9.0,180.0,20.0,N,,AK Chaudhary,MV Saidharshan Kumar
1426277,2024,Chennai,2024-04-23,League,MP Stoinis,"MA Chidambaram Stadium, Chepauk, Chennai",CSK,LSG,LSG,field,LSG,wickets,6.0,211.0,20.0,N,,NA Patwardhan,Tapan Sharma
1426278,2024,Delhi,2024-04-24,League,RR Pant,"Arun Jaitley Stadium, Delhi",DC,GT,GT,field,DC,runs,4.0,225.0,20.0,N,,KN Ananthapadmanabhan,UV Gandhe
1426279,2024,Hyderabad,2024-04-25,League,RM Patidar,"Rajiv Gandhi International Stadium, Uppal, Hyderabad",RCB,SRH,RCB,bat,RCB,runs,35.0,207.0,20.0,N,,Nitin Menon,HAS Khalid
1426280,2024,Kolkata,2024-04-26,League,JM Bairstow,"Eden Gardens, Kolkata",KKR,PBKS,PBKS,field,PBKS,wickets,8.0,262.0,20.0,N,,AK Chaudhary,YC Barde
1426281,2024,Delhi,2024-04-27,League,J Fraser-McGurk,"Arun Jaitley Stadium, Delhi",DC,MI,MI,field,DC,runs,10.0,258.0,20.0,N,,Navdeep Singh,NA Patwardhan
1426282,2024,Lucknow,2024-04-27,League,SV Samson,"Bharat Ratna Shri Atal Bihari Vajpayee Ekana Cricket Stadium, Lucknow",LSG,RR,RR,field,RR,wickets,7.0,197.0,20.0,N,,KN Ananthapadmanabhan,MA Gough
1426283,2024,Ahmedabad,2024-04-28,League,WG Jacks,"Narendra Modi Stadium, Ahmedabad",GT,RCB,RCB,field,RCB,wickets,9.0,201.0,20.0,N,,Nitin Menon,VK Sharma
1426284,2024,Chennai,2024-04-28,League,RD Gaikwad,"MA Chidambaram Stadium, Chepauk, Chennai",CSK,SRH,SRH,field,CSK,runs,78.0,213.0,20.0,N,,R Pandit,MV Saidharshan Kumar
1426285,2024,Kolkata,2024-04-29,League,CV Varun,"Eden Gardens, Kolkata",DC,KKR,DC,bat,KKR,wickets,7.0,154.0,20.0,N,,Navdeep Singh,Tapan Sharma
1426286,2024,Lucknow,2024-04-30,League,MP Stoinis,"Bharat Ratna Shri Atal Bihari Vajpayee Ekana Cricket Stadium, Lucknow",MI,LSG,LSG,field,LSG,wickets,4.0,145.0,20.0,N,,MA Gough,UV Gandhe
1426287,2024,Chennai,2024-05-01,League,Harpreet Brar,"MA Chidambaram Stadium, Chepauk, Chennai",CSK,PBKS,PBKS,field,PBKS,wickets,7.0,163.0,20.0,N,,HAS Khalid,VK Sharma
1426288,2024,Hyderabad,2024-05-02,League,B Kumar,"Rajiv Gandhi International Stadium, Uppal, Hyderabad",SRH,RR,SRH,bat,SRH,runs,1.0,202.0,20.0,N,,AK Chaudhary,YC Barde
1426289,2024,Mumbai,2024-05-03,League,VR Iyer,"Wankhede Stadium, Mumbai",KKR,MI,MI,field,KKR,runs,24.0,170.0,20.0,N,,J Madanagopal,Tapan Sharma
1426290,2024,Bengaluru,2024-05-04,League,Mohammed Siraj,"M Chinnaswamy Stadium, Bengaluru",GT,RCB,RCB,field,RCB,wickets,4.0,148.0,20.0,N,,A Totre,Vinod Seshan
1426291,2024,Dharamsala,2024-05-05,League,RA Jadeja,"Himachal Pradesh Cricket Association Stadium, Dharamsala",CSK,PBKS,PBKS,field,CSK,runs,28.0,168.0,20.0,N,,A Nand Kishore,VA Kulkarni
1426292,2024,Lucknow,2024-05-05,League,SP Narine,"Bharat Ratna Shri Atal Bihari Vajpayee Ekana Cricket Stadium, Lucknow",KKR,LSG,LSG,field,KKR,runs,98.0,236.0,20.0,N,,MV Saidharshan Kumar,YC Barde
1426293,2024,Mumbai,2024-05-06,League,SA Yadav,"Wankhede Stadium, Mumbai",SRH,MI,MI,field,MI,wickets,7.0,174.0,20.0,N,,Navdeep Singh,Tapan Sharma
1426294,2024,Delhi,2024-05-07,League,Kuldeep Yadav,"Arun Jaitley Stadium, Delhi",DC,RR,RR,field,DC,runs,20.0,222.0,20.0,N,,KN Ananthapadmanabhan,UV Gandhe
1426295,2024,Hyderabad,2024-05-08,League,TM Head,"Rajiv Gandhi International Stadium, Uppal, Hyderabad",LSG,SRH,LSG,bat,SRH,wickets,10.0,166.0,20.0,N,,MV Saidharshan Kumar,YC Barde
1426296,2024,Dharamsala,2024-05-09,League,V Kohli,"Himachal Pradesh Cricket Association Stadium, Dharamsala",RCB,PBKS,PBKS,field,RCB,runs,60.0,242.0,20.0,N,,Nitin Menon,HAS Khalid
1426297,2024,Ahmedabad,2024-05-10,League,Shubman Gill,"Narendra Modi Stadium, Ahmedabad",GT,CSK,CSK,field,GT,runs,35.0,232.0,20.0,N,,KN Ananthapadmanabhan,NA Patwardhan
1426298,2024,Kolkata,2024-05-11,League,CV Varun,"Eden Gardens, Kolkata",KKR,MI,MI,field,KKR,runs,18.0,158.0,16.0,N,,UV Gandhe,Vinod Seshan
1426299,2024,Chennai,2024-05-12,League,Simarjeet Singh,"MA Chidambaram Stadium, Chepauk, Chennai",RR,CSK,RR,bat,CSK,wickets,5.0,142.0,20.0,N,,R Pandit,YC Barde
1426300,2024,Bengaluru,2024-05-12,League,C Green,"M Chinnaswamy Stadium, Bengaluru",RCB,DC,DC,field,RCB,runs,47.0,188.0,20.0,N,,A Nand Kishore,VA Kulkarni
1426302,2024,Delhi,2024-05-14,League,I Sharma,"Arun Jaitley Stadium, Delhi",DC,LSG,LSG,field,DC,runs,19.0,209.0,20.0,N,,A Totre,Vinod Seshan
1426303,2024,Guwahati,2024-05-15,League,SM Curran,"Barsapara Cricket Stadium, Guwahati",RR,PBKS,RR,bat,PBKS,wickets,5.0,145.0,20.0,N,,R Pandit,MV Saidharshan Kumar
1426305,2024,Mumbai,2024-05-17,League,N Pooran,"Wankhede Stadium, Mumbai",LSG,MI,MI,field,LSG,runs,18.0,215.0,20.0,N,,Navdeep Singh,R Pandit
1426306,2024,Bengaluru,2024-05-18,League,F du Plessis,"M Chinnaswamy Stadium, Bengaluru",RCB,CSK,CSK,field,RCB,runs,27.0,219.0,20.0,N,,A Totre,KN Ananthapadmanabhan
1426307,2024,Hyderabad,2024-05-19,League,Abhishek Sharma,"Rajiv Gandhi International Stadium, Uppal, Hyderabad",PBKS,SRH,PBKS,bat,SRH,wickets,4.0,215.0,20.0,N,,Nitin Menon,VK Sharma
1426309,2024,Ahmedabad,2024-05-21,Qualifier 1,MA Starc,"Narendra Modi Stadium, Ahmedabad",SRH,KKR,SRH,bat,KKR,wickets,8.0,160.0,20.0,N,,AK Chaudhary,R Pandit
1426310,2024,Ahmedabad,2024-05-22,Eliminator,R Ashwin,"Narendra Modi Stadium, Ahmedabad",RCB,RR,RR,field,RR,wickets,4.0,173.0,20.0,N,,KN Ananthapadmanabhan,MV Saidharshan Kumar
1426311,2024,Chennai,2024-05-24,Qualifier 2,Shahbaz Ahmed,"MA Chidambaram Stadium, Chepauk, Chennai",SRH,RR,RR,field,SRH,runs,36.0,176.0,20.0,N,,Nitin Menon,VK Sharma
1426312,2024,Chennai,2024-05-26,Final,MA Starc,"MA Chidambaram Stadium, Chepauk, Chennai",SRH,KKR,SRH,bat,KKR,wickets,8.0,114.0,20.0,N,,J Madanagopal,Nitin Menon
